,WeightedDegree,DegreeCentrality,BetweennessCentrality,EigenvectorCentrality,UniqueOpponents,Promotion
BUSHI,1702.0,0.1449,0.00426,0.20575,142.0,NJPW
EVIL,1672.0,0.12959,0.00546,0.23211,127.0,NJPW
Tetsuya Naito,1665.0,0.13878,0.00684,0.20687,136.0,NJPW
Hiroshi Tanahashi,1612.0,0.18673,0.01294,0.20271,183.0,NJPW
SANADA,1612.0,0.12347,0.00108,0.21282,121.0,NJPW
YOSHI-HASHI,1519.0,0.14184,0.00495,0.19372,139.0,NJPW
Tomohiro Ishii,1507.0,0.17449,0.01484,0.18596,171.0,NJPW
Toru Yano,1472.0,0.13878,0.00513,0.18783,136.0,NJPW
Hirooki Goto,1458.0,0.13265,0.00348,0.19048,130.0,NJPW
Yujiro Takahashi,1438.0,0.12857,0.00262,0.19802,126.0,NJPW
Shingo Takagi,1346.0,0.12449,0.0012,0.17192,122.0,NJPW
Yoshinobu Kanemaru,1272.0,0.13776,0.00472,0.15581,135.0,NJPW
Hiromu Takahashi,1266.0,0.13776,0.00356,0.14737,135.0,NJPW
Taichi,1264.0,0.12041,0.00302,0.17842,118.0,NJPW
SHO,1230.0,0.13776,0.00747,0.1622,135.0,NJPW
Kazuchika Okada,1214.0,0.15816,0.0068,0.1503,155.0,NJPW
El Desperado,1195.0,0.14898,0.00871,0.15122,146.0,NJPW
Ryusuke Taguchi,1191.0,0.16327,0.01339,0.14488,160.0,NJPW
Zack Sabre Jr.,1135.0,0.13061,0.00555,0.15567,128.0,NJPW
Tomoaki Honma,1093.0,0.13163,0.00237,0.13316,129.0,NJPW
Great-O-Khan,1007.0,0.10816,0.00079,0.13264,106.0,NJPW
Taiji Ishimori,1002.0,0.12143,0.00216,0.12923,119.0,NJPW
YOH,981.0,0.1398,0.00585,0.12769,137.0,NJPW
Gedo,974.0,0.13571,0.00479,0.1262,133.0,NJPW
DOUKI,956.0,0.11837,0.00181,0.11998,116.0,NJPW
Chase Owens,907.0,0.12755,0.00246,0.11675,125.0,NJPW
El Phantasmo,864.0,0.11837,0.00162,0.10171,116.0,NJPW
Tama Tonga,854.0,0.13265,0.01181,0.0964,130.0,NJPW
Ren Narita,851.0,0.12653,0.00233,0.09469,124.0,NJPW
David Finlay,845.0,0.14184,0.00248,0.09002,139.0,NJPW
Master Wato,840.0,0.10918,0.00143,0.11069,107.0,NJPW
Jeff Cobb,829.0,0.11122,0.0013,0.10952,109.0,NJPW
Tiger Mask,825.0,0.1551,0.00406,0.09079,152.0,NJPW
Shota Umino,799.0,0.12347,0.0015,0.10108,121.0,NJPW
Yota Tsuji,792.0,0.10714,0.0012,0.0923,105.0,NJPW
Togi Makabe,778.0,0.11735,0.00206,0.0939,115.0,NJPW
Minoru Suzuki,749.0,0.11531,0.00153,0.10208,113.0,NJPW
Will Ospreay,727.0,0.14592,0.00258,0.08059,143.0,NJPW
Bad Luck Fale,704.0,0.11633,0.00255,0.08941,114.0,NJPW
TAKA Michinoku,688.0,0.1051,0.00142,0.09219,103.0,NJPW
Yuya Uemura,682.0,0.12245,0.00188,0.08306,120.0,NJPW
Dick Togo,659.0,0.0898,0.00035,0.09537,88.0,NJPW
Satoshi Kojima,655.0,0.14082,0.0145,0.0733,138.0,NJPW
Jado,649.0,0.1051,0.00153,0.08091,103.0,NJPW
Kosei Fujita,631.0,0.11327,0.00173,0.07393,111.0,NJPW
Yuji Nagata,629.0,0.12143,0.00371,0.07477,119.0,NJPW
AJ Styles,620.0,0.13878,0.02354,0.00687,136.0,WWE
Juice Robinson,610.0,0.15102,0.00694,0.06585,148.0,NJPW
Kofi Kingston,607.0,0.14694,0.00814,0.00071,144.0,WWE
Rocky Romero,594.0,0.18673,0.01076,0.03238,183.0,NJPW
Jay White,592.0,0.14694,0.00508,0.05794,144.0,NJPW
Tanga Loa,590.0,0.10306,0.00063,0.07104,101.0,NJPW
KENTA,584.0,0.0898,0.00058,0.07944,88.0,NJPW
KUSHIDA,580.0,0.13878,0.00433,0.0565,136.0,NJPW
Ryohei Oiwa,572.0,0.09592,0.00015,0.07129,94.0,NJPW
Jey Uso,566.0,0.12143,0.00456,0.00087,119.0,WWE
Hiroyoshi Tenzan,564.0,0.11224,0.00302,0.06543,110.0,NJPW
Kenny Omega,559.0,0.15306,0.01003,0.03416,150.0,NJPW
Clark Connors,553.0,0.13367,0.00392,0.04872,131.0,NJPW
Nick Jackson,551.0,0.16327,0.00613,0.01624,160.0,AEW
Matt Jackson,548.0,0.16224,0.00605,0.016,159.0,AEW
Oleg Boltin,538.0,0.08878,0.00042,0.06813,87.0,NJPW
TJP,512.0,0.13469,0.01301,0.04232,132.0,NJPW
Jimmy Uso,495.0,0.11939,0.00765,0.00095,117.0,WWE
Big E,490.0,0.10306,0.00544,0.00054,101.0,WWE
Francesco Akira,479.0,0.08367,0.0006,0.05411,82.0,NJPW
Gabe Kidd,470.0,0.10612,0.00287,0.05828,104.0,NJPW
Seth Rollins,464.0,0.10204,0.00529,0.00042,100.0,WWE
Kota Ibushi,457.0,0.09082,0.00369,0.06325,89.0,NJPW
Sheamus,457.0,0.1102,0.0035,0.00048,108.0,WWE
Callum Newman,457.0,0.07143,5e-05,0.06021,70.0,NJPW
Ricochet,455.0,0.16837,0.02688,0.01061,165.0,WWE
Lance Archer,451.0,0.15408,0.00467,0.04054,151.0,NJPW
Kevin Owens,445.0,0.09898,0.00419,0.00088,97.0,WWE
Orange Cassidy,440.0,0.13673,0.0113,0.003,134.0,AEW
Jon Moxley,435.0,0.15612,0.00721,0.0136,153.0,AEW
Robbie Eagles,432.0,0.09592,0.00183,0.05229,94.0,NJPW
Bayley,428.0,0.06531,0.00725,4e-05,64.0,WWE
Kyle O'Reilly,424.0,0.14286,0.01986,0.0046,140.0,AEW
Montez Ford,416.0,0.10714,0.00347,0.00102,105.0,WWE
Finn Balor,412.0,0.11837,0.01079,0.00061,116.0,WWE
Xavier Woods,410.0,0.12347,0.00447,0.00041,121.0,WWE
Alex Reynolds,410.0,0.13367,0.00355,0.00167,131.0,AEW
Angelo Dawkins,404.0,0.1051,0.00337,0.00102,103.0,WWE
John Silver,401.0,0.13878,0.00399,0.00175,136.0,AEW
Dax Harwood,395.0,0.14286,0.00394,0.00454,140.0,AEW
Karl Anderson,392.0,0.16633,0.05479,0.01403,163.0,WWE
Hikuleo,391.0,0.11122,0.00189,0.03551,109.0,NJPW
Kevin Knight,387.0,0.13878,0.00532,0.01931,136.0,NJPW
Roman Reigns,385.0,0.08878,0.00257,0.00054,87.0,WWE
Asuka,380.0,0.06939,0.00817,2e-05,68.0,WWE
Cesaro,377.0,0.09694,0.00268,0.00042,95.0,WWE
Drilla Moloney,372.0,0.08061,0.00061,0.04389,79.0,NJPW
Sami Zayn,370.0,0.09184,0.00284,0.00083,90.0,WWE
Cash Wheeler,370.0,0.14184,0.0038,0.0042,139.0,AEW
Roderick Strong,370.0,0.14184,0.02081,0.00218,139.0,WWE
Wheeler Yuta,369.0,0.15102,0.0155,0.0073,148.0,AEW
Aaron Henare,363.0,0.08571,0.00045,0.04843,84.0,NJPW
Dolph Ziggler,360.0,0.09286,0.00347,0.0003,91.0,WWE
Shinsuke Nakamura,358.0,0.10816,0.01075,0.01112,106.0,WWE
Chad Gable,354.0,0.10612,0.00614,0.00043,104.0,WWE
Katsuya Murashima,351.0,0.08265,0.00046,0.03503,81.0,NJPW
Adam Page,348.0,0.12245,0.00281,0.00305,120.0,AEW
The Miz,347.0,0.1102,0.0086,0.00032,108.0,WWE
Chris Jericho,343.0,0.13367,0.02189,0.0038,131.0,AEW
Drew McIntyre,342.0,0.08469,0.00221,0.00031,83.0,WWE
Kyle Fletcher,337.0,0.13878,0.00365,0.01835,136.0,AEW
Claudio Castagnoli,334.0,0.11939,0.00652,0.00581,117.0,AEW
Akira Tozawa,331.0,0.13163,0.00983,0.00037,129.0,WWE
Max Caster,330.0,0.14286,0.0037,0.00167,140.0,AEW
Anthony Bowens,328.0,0.14184,0.00312,0.00193,139.0,AEW
Katsuyori Shibata,321.0,0.12143,0.00479,0.02391,119.0,NJPW
Dante Martin,319.0,0.12143,0.00366,0.00202,119.0,AEW
Rey Fenix,318.0,0.12347,0.01052,0.00262,121.0,AEW
Shane Haste,313.0,0.09592,0.00168,0.03455,94.0,NJPW
Isiah Kassidy,313.0,0.11837,0.00193,0.00106,116.0,AEW
Mikey Nicholls,313.0,0.09082,0.00131,0.03493,89.0,NJPW
Alexa Bliss,311.0,0.05918,0.00306,1e-05,58.0,WWE
Daniel Garcia,311.0,0.12449,0.00806,0.00267,122.0,AEW
Becky Lynch,310.0,0.06531,0.00452,0.0,64.0,WWE
Adam Cole,305.0,0.12959,0.02023,0.00313,127.0,AEW
Bobby Lashley,302.0,0.10306,0.00781,0.00062,101.0,WWE
Bianca Belair,302.0,0.06531,0.00409,0.0,64.0,WWE
Randy Orton,299.0,0.08673,0.00179,0.00074,85.0,WWE
Titan,296.0,0.10204,0.0025,0.02572,100.0,NJPW
Brody King,294.0,0.12857,0.00423,0.00559,126.0,AEW
Shoma Kato,292.0,0.07959,0.0002,0.02701,78.0,NJPW
Damian Priest,286.0,0.08878,0.00382,0.00044,87.0,WWE
Braun Strowman,283.0,0.0949,0.00461,0.00039,93.0,WWE
Charlotte Flair,281.0,0.05612,0.00267,1e-05,55.0,WWE
Chuck Taylor,279.0,0.1102,0.00342,0.00152,108.0,AEW
Evil Uno,278.0,0.11429,0.00307,0.00137,112.0,AEW
Apollo Crews,275.0,0.12755,0.00951,0.0003,125.0,WWE
Jakob Austin Young,274.0,0.07347,8e-05,0.03136,72.0,NJPW
Alex Zayne,269.0,0.09694,0.00062,0.02681,95.0,NJPW
Otis,269.0,0.0898,0.00532,0.00035,88.0,WWE
Sasha Banks,269.0,0.0449,0.00357,1e-05,44.0,WWE
Konosuke Takeshita,269.0,0.11735,0.00258,0.01175,115.0,AEW
Matt Hardy,266.0,0.12245,0.01974,0.00069,120.0,AEW
Naomi,265.0,0.06122,0.00693,2e-05,60.0,WWE
Darby Allin,265.0,0.10918,0.00241,0.00203,107.0,AEW
Marq Quen,260.0,0.10204,0.00082,0.0009,100.0,AEW
Dominik Mysterio,259.0,0.07755,0.00351,0.00044,76.0,WWE
Natalya,257.0,0.06429,0.00379,0.0,63.0,WWE
Rey Mysterio,253.0,0.06633,0.0011,0.00023,65.0,WWE
Johnny Gargano,250.0,0.09082,0.00602,0.00041,89.0,WWE
Darius Martin,248.0,0.11429,0.00154,0.00139,112.0,AEW
Tommaso Ciampa,248.0,0.1,0.00255,0.00046,98.0,WWE
Jushin Thunder Liger,245.0,0.08061,0.0017,0.02198,79.0,NJPW
Alex Coughlin,242.0,0.09184,0.00072,0.01948,90.0,NJPW
Samoa Joe,238.0,0.11122,0.00996,0.00105,109.0,WWE
Cedric Alexander,237.0,0.09898,0.00579,0.00043,97.0,WWE
Trent Beretta,236.0,0.1051,0.0023,0.00243,103.0,AEW
HENARE,235.0,0.06224,0.0001,0.02815,61.0,NJPW
Nia Jax,235.0,0.04286,0.00074,0.0,42.0,WWE
Yuto Nakashima,234.0,0.06633,3e-05,0.02699,65.0,NJPW
Lio Rush,233.0,0.11633,0.00776,0.01533,114.0,NJPW
Penta El Zero Miedo,233.0,0.09592,0.00133,0.00223,94.0,AEW
Dragon Lee,233.0,0.09286,0.02876,0.01424,91.0,WWE
Jungle Boy,229.0,0.08469,0.00155,0.00086,83.0,AEW
Luke Gallows,229.0,0.1102,0.01035,0.00014,108.0,WWE
Mark Briscoe,229.0,0.08673,0.00198,0.00545,85.0,AEW
Toni Storm,229.0,0.07857,0.02874,3e-05,77.0,AEW
The Blade,227.0,0.08163,0.00154,0.00105,80.0,AEW
Rhea Ripley,227.0,0.06429,0.01265,6e-05,63.0,WWE
Hartley Jackson,226.0,0.06429,0.00014,0.02748,63.0,NJPW
Luchasaurus,226.0,0.09592,0.00249,0.00097,94.0,AEW
Ivar,226.0,0.07245,0.00092,0.00034,71.0,WWE
Shayna Baszler,225.0,0.05408,0.00114,0.0,53.0,WWE
Sammy Guevara,225.0,0.10714,0.0048,0.00179,105.0,AEW
Liv Morgan,224.0,0.05102,0.00151,0.0,50.0,WWE
Eddie Kingston,223.0,0.11531,0.00322,0.00646,113.0,AEW
PAC,222.0,0.08367,0.00143,0.00382,82.0,AEW
Jeff Hardy,217.0,0.10306,0.01098,0.00047,101.0,WWE
Dean Ambrose,216.0,0.04388,0.00035,0.00019,43.0,WWE
Michael Elgin,213.0,0.06122,0.00065,0.0275,60.0,NJPW
Bobby Fish,212.0,0.09796,0.00842,0.00336,96.0,WWE
Manabu Nakanishi,210.0,0.07143,0.00099,0.02046,70.0,NJPW
Shelton Benjamin,210.0,0.1051,0.01497,0.00121,103.0,WWE
Erik,210.0,0.06633,0.00082,0.00031,65.0,WWE
The Butcher,208.0,0.08265,0.00108,0.00133,81.0,AEW
Mark Davis,206.0,0.10306,0.00213,0.01498,101.0,NJPW
Tony Nese,206.0,0.10408,0.01191,0.00046,102.0,WWE
Austin Gunn,204.0,0.0898,0.00253,0.00071,88.0,AEW
Austin Theory,204.0,0.08163,0.00474,0.00025,80.0,WWE
Julius Creed,202.0,0.07347,0.00156,0.00018,72.0,WWE
The DKC,196.0,0.08673,0.00168,0.00808,85.0,NJPW
Brutus Creed,193.0,0.07245,0.00138,0.00016,71.0,WWE
Brian Cage,192.0,0.10102,0.0019,0.0017,99.0,AEW
Dakota Kai,190.0,0.05102,0.00124,0.0,50.0,WWE
Pete Dunne,189.0,0.07449,0.0014,0.0002,73.0,WWE
Tyler Bate,188.0,0.09082,0.00755,0.00015,89.0,WWE
Colten Gunn,185.0,0.08878,0.00249,0.0006,87.0,AEW
Daiki Nagai,185.0,0.0602,0.0002,0.01632,59.0,NJPW
Mascara Dorada,184.0,0.09082,0.0021,0.00982,89.0,NJPW
Aiden English,183.0,0.05714,0.00051,0.0001,56.0,WWE
Action Andretti,183.0,0.1051,0.00149,0.00158,103.0,AEW
Rusev,182.0,0.06633,0.00145,0.00027,65.0,WWE
Angel,181.0,0.08571,0.00408,0.00033,84.0,WWE
Alba Fyre,180.0,0.06122,0.00167,0.0,60.0,WWE
Matt Sydal,180.0,0.10816,0.0028,0.0022,106.0,AEW
Powerhouse Hobbs,180.0,0.08265,0.00114,0.00126,81.0,AEW
Willow Nightingale,180.0,0.05204,0.01168,0.00015,51.0,AEW
Oskar Leube,178.0,0.06429,0.00043,0.01643,63.0,NJPW
Beretta,178.0,0.05714,0.00029,0.01241,56.0,NJPW
Kairi Sane,175.0,0.05,0.00063,0.0,49.0,WWE
Frankie Kazarian,174.0,0.08571,0.00436,0.00137,84.0,AEW
Baron Corbin,172.0,0.06429,0.00224,0.00025,63.0,WWE
Kris Statlander,172.0,0.04388,0.00952,0.00022,43.0,AEW
Bryan Danielson,172.0,0.09388,0.00123,0.00333,92.0,AEW
Angelico,171.0,0.07653,0.00067,0.00067,75.0,AEW
Skye Blue,170.0,0.03878,0.00167,1e-05,38.0,AEW
QT Marshall,170.0,0.0898,0.0025,0.00144,88.0,AEW
Carmella,169.0,0.04694,0.00405,2e-05,46.0,WWE
Swerve Strickland,168.0,0.08878,0.00167,0.00273,87.0,AEW
Daniel Bryan,166.0,0.05306,0.00097,0.00027,52.0,WWE
IYO SKY,165.0,0.04388,0.00037,0.0,43.0,WWE
Doc Gallows,164.0,0.06327,0.00058,0.01465,62.0,NJPW
Gabriel Kidd,161.0,0.05918,0.00012,0.0193,58.0,NJPW
Ortiz,161.0,0.06735,0.00096,0.00064,66.0,AEW
Dash Wilder,161.0,0.0602,0.00151,0.00021,59.0,WWE
Toa Liona,160.0,0.09592,0.00218,0.00568,94.0,AEW
Scott Dawson,159.0,0.0602,0.00151,0.00021,59.0,WWE
Joaquin Wilde,158.0,0.08776,0.00291,4e-05,86.0,WWE
Mustafa Ali,158.0,0.07449,0.00283,0.00064,73.0,WWE
Royce Isaacs,158.0,0.07959,0.00099,0.00651,78.0,NJPW
Bishop Kaun,158.0,0.09592,0.00213,0.00568,94.0,AEW
Toa Henare,156.0,0.05612,3e-05,0.02057,55.0,NJPW
Tyler Breeze,155.0,0.07857,0.00313,0.00011,77.0,WWE
Andrade,154.0,0.06531,0.00163,0.00028,64.0,WWE
Stu Grayson,153.0,0.07857,0.00133,0.0007,77.0,AEW
Riddle,153.0,0.04286,0.00016,0.00018,42.0,WWE
Grayson Waller,152.0,0.07041,0.00427,0.00018,69.0,WWE
Alex Shelley,151.0,0.06633,0.00408,0.00339,65.0,WWE
Cody Rhodes,151.0,0.05816,0.00469,0.0005,57.0,WWE
Billy Gunn,151.0,0.09694,0.00406,0.00234,95.0,AEW
Candice LeRae,150.0,0.05102,0.0037,0.0,50.0,WWE
Carmelo Hayes,150.0,0.07041,0.00105,0.00018,69.0,WWE
LA Knight,150.0,0.05408,0.00038,0.00086,53.0,WWE
Christopher Daniels,150.0,0.10408,0.0021,0.00206,102.0,AEW
Solo Sikoa,150.0,0.05204,0.00132,0.00016,51.0,WWE
Keith Lee,149.0,0.08571,0.01269,0.00059,84.0,WWE
Jay Lethal,148.0,0.08469,0.00095,0.00295,83.0,AEW
Ten,148.0,0.08061,0.00094,0.00021,79.0,AEW
Bron Breakker,148.0,0.0602,0.00078,7e-05,59.0,WWE
Tom Lawlor,147.0,0.06122,0.00278,0.00708,60.0,NJPW
Kalisto,146.0,0.06939,0.00334,0.00026,68.0,WWE
Bandido,146.0,0.06735,0.00076,0.0033,66.0,AEW
Karl Fredericks,146.0,0.06327,0.00031,0.00798,62.0,NJPW
Ariya Daivari,145.0,0.07449,0.00771,0.00059,73.0,WWE
Bronson Reed,143.0,0.05816,0.00194,0.00021,57.0,WWE
Jacy Jayne,142.0,0.05612,0.00184,0.0,55.0,WWE
Serpentico,142.0,0.07143,0.00052,0.00021,70.0,AEW
Robert Roode,139.0,0.04082,0.00056,0.00013,40.0,WWE
Lince Dorado,138.0,0.06939,0.00352,0.00037,68.0,WWE
Santana,138.0,0.05306,0.0002,0.00058,52.0,AEW
Ethan Page,138.0,0.08776,0.02004,0.00031,86.0,AEW
Hechicero,137.0,0.06633,0.0019,0.00442,65.0,AEW
Drew Gulak,136.0,0.06939,0.00381,0.00039,68.0,WWE
John Cena,136.0,0.05612,0.00101,0.00019,55.0,WWE
Roxanne Perez,136.0,0.05,0.00377,1e-05,49.0,WWE
Mark Coffey,135.0,0.07245,0.00418,2e-05,71.0,WWE
Nathan Frazer,135.0,0.08469,0.00916,0.00011,83.0,WWE
Dustin Rhodes,134.0,0.08367,0.00188,0.00079,82.0,AEW
Nikki Cross,134.0,0.05102,0.00564,2e-05,50.0,WWE
Wolfgang,133.0,0.07347,0.00668,2e-05,72.0,WWE
Scorpio Sky,132.0,0.06735,0.00163,0.00076,66.0,AEW
MJF,131.0,0.07041,0.00052,0.00107,69.0,AEW
Jason Jordan,131.0,0.04796,0.00028,5e-05,47.0,WWE
JD McDonagh,131.0,0.04388,0.00022,0.00029,43.0,WWE
Dr. Britt Baker DMD,131.0,0.03776,0.00523,1e-05,37.0,AEW
Malakai Black,131.0,0.07143,0.00085,0.00094,70.0,AEW
Fred Rosser,130.0,0.04184,0.00021,0.00305,41.0,NJPW
Hikaru Shida,130.0,0.04082,0.00085,0.0,40.0,AEW
Jack Evans,129.0,0.05306,0.00012,0.0004,52.0,AEW
Jack Perry,129.0,0.07041,0.00128,0.00628,69.0,AEW
Jorel Nelson,128.0,0.06837,0.00081,0.00424,67.0,NJPW
Axiom,128.0,0.07347,0.00286,0.00013,72.0,WWE
Mike Bailey,127.0,0.06327,0.00127,0.00379,62.0,AEW
Lee Moriarty,127.0,0.07143,0.00276,0.00071,70.0,AEW
Kip Sabian,125.0,0.07551,0.00365,0.00056,74.0,AEW
Raquel Rodriguez,125.0,0.0398,0.00108,1e-05,39.0,WWE
Josh Briggs,125.0,0.07041,0.00439,2e-05,69.0,WWE
Santos Escobar,125.0,0.05918,0.00245,0.00012,58.0,WWE
Alan Angels,124.0,0.06531,0.00057,0.00083,64.0,AEW
Zoey Stark,123.0,0.04592,0.00079,0.0,45.0,WWE
Ludwig Kaiser,123.0,0.0449,0.00018,0.0002,44.0,WWE
Fallon Henley,123.0,0.04898,0.00455,0.0,48.0,WWE
Matt Riddle,123.0,0.05918,0.00293,0.00172,58.0,WWE
Ridge Holland,122.0,0.05918,0.00146,0.00012,58.0,WWE
Bad Dude Tito,122.0,0.04796,0.00048,0.01188,47.0,NJPW
Akam,121.0,0.06429,0.00122,7e-05,63.0,WWE
Colt Cabana,121.0,0.08061,0.00179,0.00254,79.0,AEW
Angel Garza,121.0,0.05816,0.00161,0.0002,57.0,WWE
Volador Jr.,120.0,0.06122,0.00136,0.00683,60.0,NJPW
Buddy Matthews,119.0,0.07143,0.00064,0.00123,70.0,AEW
Gran Metalik,119.0,0.06327,0.00187,0.0005,62.0,WWE
Wes Lee,118.0,0.06939,0.00163,1e-05,68.0,WWE
Aaron Solo,118.0,0.05816,0.00047,0.00132,57.0,AEW
Anna Jay,118.0,0.03878,0.00255,1e-05,38.0,AEW
Danny Limelight,118.0,0.05816,0.00148,0.00257,57.0,NJPW
Rush,117.0,0.06327,0.00062,0.0017,62.0,AEW
Chris Sabin,116.0,0.05714,0.00414,0.00294,56.0,WWE
Peter Avalon,116.0,0.06633,0.00068,0.00027,65.0,AEW
Fandango,116.0,0.05612,0.00104,7e-05,55.0,WWE
Big Bill,115.0,0.06122,0.00024,0.0007,60.0,AEW
Bray Wyatt,115.0,0.04388,0.00052,7e-05,43.0,WWE
Kayden Carter,115.0,0.0449,0.00093,0.0,44.0,WWE
Nyla Rose,115.0,0.03163,0.00051,1e-05,31.0,AEW
Lee Johnson,115.0,0.07755,0.00097,0.00043,76.0,AEW
Brian Pillman Jr.,114.0,0.06327,0.00108,0.00029,62.0,AEW
Brooks Jensen,114.0,0.07347,0.00976,2e-05,72.0,WWE
Matt Menard,113.0,0.06939,0.00158,0.0004,68.0,AEW
Oney Lorcan,112.0,0.05714,0.00079,0.00012,56.0,WWE
Zack Gibson,112.0,0.06633,0.00478,0.00027,65.0,WWE
Jake Hager,112.0,0.06122,0.00046,0.00038,60.0,AEW
Cody,112.0,0.06429,0.00078,0.00488,63.0,AEW
Dana Brooke,111.0,0.04796,0.00222,0.0,47.0,WWE
Hangman Page,111.0,0.05204,0.00016,0.01097,51.0,NJPW
Captain New Japan,111.0,0.04388,0.00022,0.00979,43.0,NJPW
Gunther,111.0,0.05102,0.00032,0.00014,50.0,WWE
Mandy Rose,111.0,0.05,0.00786,0.0,49.0,WWE
Angelo Parker,110.0,0.06735,0.00143,0.00035,66.0,AEW
Ricky Starks,110.0,0.05714,0.00025,0.00082,56.0,AEW
Komander,108.0,0.06429,0.00035,0.00074,63.0,AEW
Julia Hart,108.0,0.02551,0.00019,1e-05,25.0,AEW
OSKAR,108.0,0.04388,3e-05,0.01164,43.0,NJPW
Hook,106.0,0.04796,0.00134,0.00044,47.0,AEW
Nicholas Jackson,106.0,0.05,0.00052,0.00219,49.0,AEW
Griff Garrison,106.0,0.05612,0.00072,0.00027,55.0,AEW
Humberto Carrillo,106.0,0.05102,0.00101,0.0002,50.0,WWE
James Drake,106.0,0.06531,0.00473,0.00026,64.0,WWE
Chelsea Green,106.0,0.04694,0.00304,0.0,46.0,WWE
Matthew Jackson,106.0,0.05,0.00052,0.00219,49.0,AEW
Christian Cage,104.0,0.05612,0.0005,0.0009,55.0,AEW
R-Truth,104.0,0.06531,0.00366,9e-05,64.0,WWE
King Corbin,104.0,0.04286,0.00011,0.00014,42.0,WWE
Luther,104.0,0.06122,0.00037,0.00015,60.0,AEW
Masatora Yasuda,103.0,0.04286,1e-05,0.0091,42.0,NJPW
Yuto-Ice,103.0,0.04286,3e-05,0.01132,42.0,NJPW
Andre Chase,103.0,0.0602,0.00219,4e-05,59.0,WWE
Aleister Black,102.0,0.05204,0.00137,0.00017,51.0,WWE
Joe Coffey,102.0,0.06224,0.00319,1e-05,61.0,WWE
Trick Williams,101.0,0.0602,0.00248,3e-05,59.0,WWE
Jade Cargill,101.0,0.04694,0.00794,0.0,46.0,WWE
Rezar,101.0,0.05204,0.00058,7e-05,51.0,WWE
Fabian Aichner,101.0,0.05918,0.0018,7e-05,58.0,WWE
Jamie Hayter,101.0,0.03469,0.00046,0.0,34.0,AEW
Josh Alexander,101.0,0.04388,0.00031,0.00282,43.0,AEW
Sonya Deville,100.0,0.0449,0.0028,0.0,44.0,WWE
JR Kratos,100.0,0.03571,0.00015,0.0028,35.0,NJPW
Kit Wilson,100.0,0.04184,0.00057,7e-05,41.0,WWE
Lyra Valkyria,99.0,0.0398,0.00052,0.0,39.0,WWE
Channing Lorenzo,99.0,0.06122,0.00476,2e-05,60.0,WWE
Nick Comoroto,99.0,0.0551,0.00034,0.00082,54.0,AEW
Duke Hudson,98.0,0.05918,0.00118,6e-05,58.0,WWE
Marty Scurll,98.0,0.04082,9e-05,0.00874,40.0,NJPW
Trent,98.0,0.04898,0.00015,0.00032,48.0,AEW
JD Drake,97.0,0.05408,0.00034,0.00041,53.0,AEW
Emi Sakura,96.0,0.03061,0.00037,1e-05,30.0,AEW
Harley Cameron,96.0,0.02143,3e-05,0.0,21.0,AEW
Matt Taven,96.0,0.05612,0.00091,0.00232,55.0,AEW
Elton Prince,96.0,0.04082,0.00054,5e-05,40.0,WWE
Butch,95.0,0.04592,0.00038,0.0001,45.0,WWE
Neville,95.0,0.03673,0.00091,8e-05,36.0,WWE
Dragon Dia,95.0,0.04592,5e-05,0.00942,45.0,NJPW
John Morrison,95.0,0.03367,5e-05,9e-05,33.0,WWE
Konnor,94.0,0.03878,0.00051,4e-05,38.0,WWE
Tony D'Angelo,94.0,0.05714,0.00101,1e-05,56.0,WWE
Enzo Amore,94.0,0.03878,0.00157,0.00017,38.0,WWE
Tamina,93.0,0.03469,0.00016,0.0,34.0,WWE
Blake Christian,93.0,0.05408,0.00042,0.00423,53.0,NJPW
CM Punk,93.0,0.05408,0.00347,0.00065,53.0,AEW
Viktor,93.0,0.03878,0.0005,4e-05,38.0,WWE
Lash Legend,93.0,0.05612,0.0131,2e-05,55.0,WWE
Atlantis Jr.,93.0,0.05714,0.00051,0.00614,56.0,NJPW
Thunder Rosa,92.0,0.03673,0.00041,0.0,36.0,AEW
Misterioso,92.0,0.0449,0.0003,0.00249,44.0,NJPW
Marcel Barthel,92.0,0.05408,0.00151,6e-05,53.0,WWE
Mistico,92.0,0.04898,0.00124,0.00274,48.0,NJPW
Don Fale,92.0,0.03265,1e-05,0.00999,32.0,NJPW
Turbo Floyd,91.0,0.04898,0.00031,0.00074,48.0,AEW
Truth Magnum,91.0,0.04898,0.00031,0.00074,48.0,AEW
Katana Chance,91.0,0.03367,0.0002,0.0,33.0,WWE
The Beast Mortos,91.0,0.04592,9e-05,0.00122,45.0,AEW
Malik Blade,90.0,0.05918,0.00157,4e-05,58.0,WWE
Adrian Quest,90.0,0.0398,0.00032,0.0012,39.0,NJPW
Hank Walker,90.0,0.04694,0.00229,3e-05,46.0,WWE
Gigi Dolin,90.0,0.04388,0.00067,0.0,43.0,WWE
Simon Gotch,90.0,0.02653,4e-05,4e-05,26.0,WWE
Ruby Soho,90.0,0.02551,0.00062,1e-05,25.0,AEW
Zack Ryder,89.0,0.04592,0.00043,7e-05,45.0,WWE
Trent Seven,89.0,0.04388,0.00597,0.00023,43.0,WWE
Cruz Del Toro,89.0,0.05816,0.00116,3e-05,57.0,WWE
Edris Enofe,89.0,0.06122,0.00205,4e-05,60.0,WWE
Tank Ledger,89.0,0.0449,0.002,2e-05,44.0,WWE
Penelope Ford,89.0,0.02857,0.00225,4e-05,28.0,AEW
Mansoor,89.0,0.05306,0.00402,0.0003,52.0,WWE
Tiffany Stratton,88.0,0.03367,0.00086,0.0,33.0,WWE
Je'Von Evans,88.0,0.05,0.0032,3e-05,49.0,WWE
Noam Dar,88.0,0.05408,0.00611,0.00032,53.0,WWE
Ryan Nemeth,87.0,0.04796,0.00016,0.0002,47.0,AEW
Shawn Spears,87.0,0.06122,0.00926,0.00028,60.0,AEW
Danny Burch,86.0,0.04184,0.00038,0.0001,41.0,WWE
Templario,85.0,0.04592,0.00016,0.00592,45.0,NJPW
Shawn Dean,85.0,0.05102,0.00109,0.0004,50.0,AEW
Ace Austin,85.0,0.0449,0.00018,0.00787,44.0,NJPW
Alberto Del Rio,85.0,0.04184,0.00029,4e-05,41.0,WWE
Sonny Kiss,84.0,0.06327,0.00056,0.00011,62.0,AEW
Io Shirai,84.0,0.03163,0.00125,0.0,31.0,WWE
Joey Janela,84.0,0.06224,0.00102,0.00052,61.0,AEW
Zelina Vega,84.0,0.04388,0.00326,1e-05,43.0,WWE
Soberano Jr.,84.0,0.0449,7e-05,0.0073,44.0,NJPW
Ilja Dragunov,83.0,0.04694,0.00136,4e-05,46.0,WWE
Nikki Bella,83.0,0.02449,0.00029,0.0,24.0,WWE
AR Fox,83.0,0.05408,0.00019,0.00104,53.0,AEW
Bryan Keith,83.0,0.04082,0.0001,0.00083,40.0,AEW
Yohei Komatsu,83.0,0.02551,7e-05,0.00514,25.0,NJPW
Indi Hartwell,82.0,0.04082,0.00109,0.0,40.0,WWE
Giovanni Vinci,81.0,0.03571,8e-05,0.0001,35.0,WWE
Elias,81.0,0.04694,0.00029,0.00011,46.0,WWE
Piper Niven,80.0,0.04184,0.00298,0.0,41.0,WWE
Jeff Jarrett,80.0,0.04898,0.00035,0.00065,48.0,AEW
Berto,79.0,0.03878,0.0003,0.0002,38.0,WWE
Kazushi Sakuraba,79.0,0.03571,8e-05,0.00773,35.0,NJPW
Megan Bayne,78.0,0.01429,0.00072,3e-05,14.0,AEW
Barrett Brown,78.0,0.03367,0.00017,0.00146,33.0,NJPW
Joe Gacy,78.0,0.05204,0.00166,6e-05,51.0,WWE
Jinder Mahal,77.0,0.03776,0.00013,0.00012,37.0,WWE
Sin Cara,77.0,0.03878,0.00054,2e-05,38.0,WWE
Bubba Ray Dudley,77.0,0.03673,0.00038,3e-05,36.0,WWE
Davey Boy Smith Jr.,77.0,0.03469,4e-05,0.00883,34.0,NJPW
Erick Rowan,77.0,0.04388,0.00077,3e-05,43.0,WWE
ACH,77.0,0.04592,0.00034,0.00499,45.0,NJPW
Cora Jade,77.0,0.03878,0.0006,0.0,38.0,WWE
Nick Wayne,76.0,0.05204,0.00042,0.00206,51.0,AEW
Dexter Lumis,76.0,0.0449,0.00121,6e-05,44.0,WWE
Takashi Iizuka,76.0,0.0449,2e-05,0.00869,44.0,NJPW
Isla Dawn,76.0,0.03469,0.00336,0.0,34.0,WWE
Cezar Bononi,76.0,0.0449,0.00033,0.00016,44.0,AEW
Myles Borne,76.0,0.0551,0.0031,1e-05,54.0,WWE
Ashante Adonis,75.0,0.05306,0.00376,3e-05,52.0,WWE
Mojo Rawley,75.0,0.0398,0.00021,4e-05,39.0,WWE
D-Von Dudley,75.0,0.03469,0.00012,3e-05,34.0,WWE
Luke Harper,75.0,0.03061,0.0003,4e-05,30.0,WWE
Mina Shirakawa,74.0,0.02959,0.00289,0.0,29.0,AEW
Riho,74.0,0.02857,0.00081,0.0,28.0,AEW
Brandon Cutler,74.0,0.0551,0.00058,0.00016,54.0,AEW
JONAH,73.0,0.02347,1e-05,0.00764,23.0,NJPW
Robbie X,73.0,0.03673,0.00017,0.0043,36.0,NJPW
Raul Mendoza,73.0,0.0398,0.00064,2e-05,39.0,WWE
Ember Moon,73.0,0.03163,0.00118,0.0,31.0,WWE
Sting,72.0,0.05,0.00057,0.00051,49.0,AEW
Lacey Evans,72.0,0.02653,0.00035,0.0,26.0,WWE
Kelani Jordan,72.0,0.02653,0.00013,0.0,26.0,WWE
Mike Bennett,72.0,0.0398,0.00022,0.00074,39.0,AEW
Killian Dain,72.0,0.04694,0.00067,8e-05,46.0,WWE
Bronco Nima,71.0,0.04184,0.00104,2e-05,41.0,WWE
Big Cass,71.0,0.03469,0.00016,0.00017,34.0,WWE
Queen Aminata,71.0,0.02551,7e-05,0.0,25.0,AEW
Jacob Fatu,70.0,0.02857,0.00026,6e-05,28.0,WWE
Marina Shafir,70.0,0.03265,0.00977,0.0001,32.0,AEW
Lucien Price,70.0,0.04184,0.00104,2e-05,41.0,WWE
Ultimo Guerrero,69.0,0.02653,0.00127,0.00285,26.0,NJPW
Rhyno,69.0,0.03776,9e-05,4e-05,37.0,WWE
Bo Dallas,69.0,0.04796,0.00041,5e-05,47.0,WWE
Stephanie Vaquer,69.0,0.03265,0.00235,0.0,32.0,WWE
Marko Stunt,69.0,0.05306,0.0003,0.00016,52.0,AEW
Sol Ruca,69.0,0.03265,0.00242,0.0,32.0,WWE
Ivy Nile,69.0,0.03878,0.00245,0.0,38.0,WWE
Kushida,69.0,0.04286,0.001,3e-05,42.0,WWE
Kane,68.0,0.03367,0.00023,2e-05,33.0,WWE
Cameron Grimes,68.0,0.0398,0.00036,3e-05,39.0,WWE
Murphy,67.0,0.02959,0.00015,4e-05,29.0,WWE
Ninja Mack,67.0,0.03878,8e-05,0.00504,38.0,NJPW
Hologram,66.0,0.03571,0.0004,0.00055,35.0,AEW
Mark Andrews,66.0,0.03776,0.00149,1e-05,37.0,WWE
Athena,66.0,0.03061,0.00088,0.0,30.0,AEW
Kaito Kiyomiya,65.0,0.03571,2e-05,0.00787,35.0,NJPW
MVP,65.0,0.03061,0.00034,0.00019,30.0,WWE
Bobby Roode,65.0,0.04592,0.00078,0.0001,45.0,WWE
Diamante,64.0,0.02857,0.00536,8e-05,28.0,AEW
Chris Bey,64.0,0.04082,0.00019,0.00467,40.0,NJPW
T-BAR,64.0,0.02755,9e-05,4e-05,27.0,WWE
Charlie Dempsey,63.0,0.0449,0.00238,2e-05,44.0,WWE
Dion Lennox,63.0,0.03265,0.00081,0.0,32.0,WWE
Ari Daivari,62.0,0.04694,7e-05,0.00029,46.0,AEW
Peyton Royce,62.0,0.02143,1e-05,0.0,21.0,WWE
Shotzi,61.0,0.03265,0.00021,0.0,32.0,WWE
Ruby Riott,61.0,0.02653,8e-05,0.0,26.0,WWE
Sho Tanaka,61.0,0.02551,7e-05,0.00355,25.0,NJPW
Mercedes Mone,61.0,0.02449,0.00019,0.0,24.0,AEW
Isaiah Scott,61.0,0.02755,0.00026,3e-05,27.0,WWE
Karrion Kross,61.0,0.03673,0.00018,9e-05,36.0,WWE
Raquel Gonzalez,60.0,0.02245,0.0002,0.0,22.0,WWE
Omos,60.0,0.02245,2e-05,5e-05,22.0,WWE
Zane Jay,60.0,0.03878,3e-05,0.00419,38.0,NJPW
Wardlow,60.0,0.03571,0.00015,0.00014,35.0,AEW
Andrade El Idolo,59.0,0.03571,6e-05,0.00036,35.0,AEW
El Lindaman,59.0,0.04184,0.00011,0.00558,41.0,NJPW
Hanson,59.0,0.02245,0.00015,0.00331,22.0,NJPW
Curtis Axel,59.0,0.0398,0.00045,6e-05,39.0,WWE
Alicia Fox,59.0,0.02143,0.00049,0.0,21.0,WWE
Alexander Wolfe,58.0,0.03367,0.00057,0.00014,33.0,WWE
Dante Chen,58.0,0.0398,0.00267,0.0,39.0,WWE
Pentagon Jr.,58.0,0.02041,0.0,0.00047,20.0,AEW
Chris Dickinson,57.0,0.02857,0.00034,0.00163,28.0,NJPW
Titus O'Neil,57.0,0.03061,0.00016,2e-05,30.0,WWE
Tavion Heights,56.0,0.03673,0.00197,1e-05,36.0,WWE
Aliyah,56.0,0.02755,0.00033,0.0,27.0,WWE
Heath Slater,56.0,0.03469,0.00016,3e-05,34.0,WWE
Giulia,56.0,0.03061,0.00394,1e-05,30.0,WWE
Aaron Solow,56.0,0.04286,0.00024,0.00023,42.0,AEW
Tegan Nox,56.0,0.02551,8e-05,0.0,25.0,WWE
Yoshitatsu,56.0,0.02857,5e-05,0.00504,28.0,NJPW
Michin,55.0,0.02551,0.00053,0.0,25.0,WWE
The Bunny,55.0,0.01837,0.00095,0.0,18.0,AEW
Kiana James,55.0,0.02959,0.00081,0.0,29.0,WWE
Bear Bronson,55.0,0.04388,0.00032,0.0001,43.0,AEW
Eric Young,54.0,0.03265,0.00018,8e-05,32.0,WWE
The Big Show,54.0,0.03265,0.00025,2e-05,32.0,WWE
Jack Bonza,54.0,0.03265,8e-05,0.00453,32.0,NJPW
Lana,54.0,0.03469,0.00175,0.0,34.0,WWE
Tatum Paxley,54.0,0.03265,0.00086,0.0,32.0,WWE
Dralistico,53.0,0.03571,5e-05,0.00028,35.0,AEW
Ronda Rousey,53.0,0.02551,0.00022,0.0,25.0,WWE
Mickie James,53.0,0.02041,5e-05,0.0,20.0,WWE
Thekla,53.0,0.01327,0.00067,0.0002,13.0,AEW
Lola Vice,53.0,0.02347,0.00114,0.0,23.0,WWE
Charlotte,53.0,0.01224,5e-05,0.0,12.0,WWE
Zandokan Jr.,52.0,0.02959,0.0,0.00571,29.0,NJPW
Five,52.0,0.03571,0.00024,0.00026,35.0,AEW
Josh Woods,52.0,0.0398,0.0001,0.00034,39.0,AEW
Sarah Logan,52.0,0.02653,0.0006,0.0,26.0,WWE
Shane Taylor,51.0,0.03367,0.00099,0.00045,33.0,AEW
Tucker,51.0,0.03163,0.00062,6e-05,31.0,WWE
Izzi Dame,51.0,0.02857,0.00146,0.0,28.0,WWE
Rip Fowler,51.0,0.03265,0.00043,2e-05,32.0,WWE
Flash Morgan Webster,50.0,0.03163,0.00209,1e-05,31.0,WWE
Jagger Reid,50.0,0.03163,0.00038,2e-05,31.0,WWE
Penta,50.0,0.01939,3e-05,3e-05,19.0,WWE
Ali,50.0,0.03367,0.00015,9e-05,33.0,WWE
Oliver Carter,50.0,0.02449,7e-05,0.0,24.0,WWE
Buddy Murphy,49.0,0.02347,0.00014,9e-05,23.0,WWE
El Barbaro Cavernario,49.0,0.03571,0.00175,0.00299,35.0,NJPW
Ashton Smith,49.0,0.02449,7e-05,0.0,24.0,WWE
Billie Kay,49.0,0.02245,4e-05,0.0,22.0,WWE
Raymond Rowe,48.0,0.01633,1e-05,0.00326,16.0,NJPW
WALTER,48.0,0.03571,0.00123,3e-05,35.0,WWE
Brock Anderson,48.0,0.03469,8e-05,0.00012,34.0,AEW
Damon Kemp,48.0,0.03673,0.00048,1e-05,36.0,WWE
Nash Carter,48.0,0.02755,0.00011,0.0,27.0,WWE
Gideon Grey,47.0,0.02551,3e-05,0.00614,25.0,NJPW
Bear Boulder,47.0,0.03673,0.00018,4e-05,36.0,AEW
Billy,47.0,0.03878,0.00031,9e-05,38.0,AEW
Shotzi Blackheart,47.0,0.01735,0.0004,0.0,17.0,WWE
Adam Rose,47.0,0.03061,0.00035,2e-05,30.0,WWE
Paige,47.0,0.01327,1e-05,0.0,13.0,WWE
Emma,47.0,0.02551,8e-05,0.0,25.0,WWE
Matt Lee,47.0,0.02245,1e-05,0.00012,22.0,AEW
Jeff Parker,47.0,0.02245,1e-05,0.00012,22.0,AEW
BATEMAN,47.0,0.02245,7e-05,0.0008,22.0,NJPW
Serena Deeb,47.0,0.02653,0.0005,0.0,26.0,AEW
Oba Femi,46.0,0.03163,0.00098,2e-05,31.0,WWE
Tay Melo,46.0,0.01633,0.00029,1e-05,16.0,AEW
Stevie Filip,46.0,0.02959,3e-05,0.0055,29.0,NJPW
Ikemen Jiro,46.0,0.03061,0.00038,1e-05,30.0,WWE
Red Velvet,46.0,0.02755,0.00028,0.0,27.0,AEW
Tome Filip,46.0,0.02959,3e-05,0.0055,29.0,NJPW
Luca Crusifino,45.0,0.03265,0.00095,0.0,32.0,WWE
Shuji Ishikawa,45.0,0.02857,5e-05,0.00548,28.0,NJPW
Brock Lesnar,45.0,0.02245,8e-05,4e-05,22.0,WWE
Tyriek Igwe,45.0,0.02959,0.0005,0.0,29.0,WWE
Atlantis,45.0,0.02653,0.00017,0.0041,26.0,NJPW
Gentleman Jack Gallagher,45.0,0.02347,0.00015,0.0001,23.0,WWE
Kuukai,45.0,0.02143,1e-05,0.00475,21.0,NJPW
Hirai Kawato,44.0,0.02143,2e-05,0.00619,21.0,NJPW
Ryback,44.0,0.01837,1e-05,1e-05,18.0,WWE
Jakara Jackson,44.0,0.03367,0.00478,2e-05,33.0,WWE
Kay Lee Ray,44.0,0.02245,0.00064,0.0,22.0,WWE
Cody Hall,44.0,0.02245,3e-05,0.00414,22.0,NJPW
Tyson Dupont,44.0,0.02857,0.00045,0.0,28.0,WWE
Brie Bella,44.0,0.01429,0.00012,0.0,14.0,WWE
Oro Mensah,44.0,0.03878,0.00198,2e-05,38.0,WWE
Timothy Thatcher,43.0,0.03265,0.00149,3e-05,32.0,WWE
Wendy Choo,43.0,0.03061,0.00273,0.0,30.0,WWE
King Barrett,43.0,0.02245,5e-05,2e-05,22.0,WWE
Jake Lee,43.0,0.02143,0.0,0.00733,21.0,NJPW
Jaida Parker,42.0,0.02551,0.00556,2e-05,25.0,WWE
A-Kid,42.0,0.02755,0.00036,1e-05,27.0,WWE
Madcap Moss,42.0,0.02347,0.0001,3e-05,23.0,WWE
Satnam Singh,42.0,0.02653,4e-05,0.00034,26.0,AEW
Mariah May,41.0,0.01735,3e-05,0.0,17.0,AEW
Humberto,41.0,0.02245,4e-05,5e-05,22.0,WWE
Fuego Del Sol,41.0,0.03265,0.00022,0.00011,32.0,AEW
Chase Parker,41.0,0.01939,6e-05,2e-05,19.0,WWE
Fred Yehi,41.0,0.02245,1e-05,0.00123,22.0,NJPW
Sunil Singh,41.0,0.01837,5e-05,1e-05,18.0,WWE
Jazmyn Nyx,41.0,0.02449,0.00027,0.0,24.0,WWE
Hideo Itami,41.0,0.02041,6e-05,2e-05,20.0,WWE
Nikki ASH,41.0,0.02245,4e-05,0.0,22.0,WWE
Logan Riegel,41.0,0.01633,1e-05,0.00061,16.0,NJPW
Mia Yim,40.0,0.02143,0.0007,0.0,21.0,WWE
Carlie Bravo,40.0,0.02653,5e-05,0.00035,26.0,AEW
Saraya,40.0,0.01531,0.00107,1e-05,15.0,AEW
Anthony Henry,40.0,0.03367,0.00017,0.00028,33.0,AEW
CIMA,40.0,0.03163,0.00012,0.00238,31.0,AEW
Mercedes Martinez,40.0,0.02857,0.00775,8e-05,28.0,AEW
Blair Davenport,39.0,0.02347,0.00092,0.0,23.0,WWE
The Brian Kendrick,39.0,0.02143,0.00013,1e-05,21.0,WWE
Velveteen Dream,39.0,0.02245,9e-05,7e-05,22.0,WWE
Tomoyuki Oka,39.0,0.02347,3e-05,0.0034,23.0,NJPW
Matt Martel,38.0,0.01939,6e-05,2e-05,19.0,WWE
Royal Rumble,38.0,0.00204,0.0,0.0,2.0,WWE
Samir Singh,38.0,0.01837,5e-05,1e-05,18.0,WWE
Jake Atlas,37.0,0.02245,0.00116,1e-05,22.0,WWE
Jordan Clearwater,37.0,0.02449,4e-05,0.00051,24.0,NJPW
Carlito,37.0,0.02347,5e-05,7e-05,23.0,WWE
Zaria,37.0,0.01837,0.00085,0.0,18.0,WWE
Cutler James,36.0,0.02143,0.00145,0.0,21.0,WWE
Alex Windsor,36.0,0.01837,0.00019,0.0,18.0,AEW
Rowan,36.0,0.01429,1e-05,4e-05,14.0,WWE
Jay Briscoe,36.0,0.01327,1e-05,0.00288,13.0,NJPW
Adam Copeland,36.0,0.02653,0.00036,0.00027,26.0,AEW
Mace,36.0,0.01939,2e-05,2e-05,19.0,WWE
Andrade Almas,36.0,0.02143,0.00022,4e-05,21.0,WWE
August Grey,35.0,0.01531,3e-05,1e-05,15.0,WWE
Javier Bernal,35.0,0.02449,0.00024,0.0,24.0,WWE
Doudrop,35.0,0.01531,1e-05,0.0,15.0,WWE
Ricky Smokes,35.0,0.02653,0.00183,2e-05,26.0,WWE
Ryo Mizunami,35.0,0.01531,4e-05,0.0,15.0,AEW
Osiris Griffin,35.0,0.01837,0.0003,0.0,18.0,WWE
Brad Baylor,35.0,0.02653,0.00183,2e-05,26.0,WWE
El Hijo del Vikingo,35.0,0.02755,0.00019,0.00019,27.0,AEW
Jordan Devlin,35.0,0.02755,0.00042,2e-05,27.0,WWE
Kenny Williams,35.0,0.02653,0.00087,0.0,26.0,WWE
Goldust,35.0,0.02653,0.00029,2e-05,26.0,WWE
Shane McMahon,35.0,0.02143,9e-05,3e-05,21.0,WWE
Mason Madden,35.0,0.02551,0.00017,0.00027,25.0,AEW
Maxxine Dupri,35.0,0.02041,0.00115,0.0,20.0,WWE
Tonga Loa,35.0,0.01735,3e-05,5e-05,17.0,WWE
Naomichi Marufuji,34.0,0.02857,9e-05,0.00397,28.0,NJPW
Von Wagner,34.0,0.02755,0.00016,1e-05,27.0,WWE
Leyla Hirsch,34.0,0.01939,0.0002,0.0,19.0,AEW
OKUMURA,34.0,0.01939,7e-05,0.00101,19.0,NJPW
MAO,34.0,0.02653,9e-05,0.00271,26.0,NJPW
Thea Hail,34.0,0.02245,0.00204,0.0,22.0,WWE
Jordynne Grace,34.0,0.01531,0.00015,0.0,15.0,WWE
Logan Paul,34.0,0.01735,1e-05,4e-05,17.0,WWE
Primate,34.0,0.02041,0.00025,0.0,20.0,WWE
Jaxson Ryker,34.0,0.02143,5e-05,3e-05,21.0,WWE
Baron Black,33.0,0.02755,3e-05,3e-05,27.0,AEW
Adriana Rizzo,33.0,0.02755,0.00143,0.0,27.0,WWE
Katsuhiko Nakajima,33.0,0.01735,0.0,0.0034,17.0,NJPW
Deonna Purrazzo,33.0,0.02245,0.00108,0.0,22.0,AEW
Arianna Grace,33.0,0.02755,0.00151,0.0,27.0,WWE
Dutch,32.0,0.02857,4e-05,0.00034,28.0,AEW
Shorty G,32.0,0.02143,3e-05,6e-05,21.0,WWE
Wesley Blake,32.0,0.02449,6e-05,2e-05,24.0,WWE
Steve Cutler,32.0,0.02449,6e-05,2e-05,24.0,WWE
Vincent,32.0,0.02857,4e-05,0.00034,28.0,AEW
Tay Conti,32.0,0.01531,0.0017,0.0,15.0,AEW
Mike Sydal,32.0,0.02551,3e-05,0.0002,25.0,AEW
Capitan Suicida,31.0,0.01939,0.0,0.00371,19.0,NJPW
Edge,31.0,0.01633,0.00011,4e-05,16.0,WWE
Danhausen,31.0,0.02245,3e-05,4e-05,22.0,AEW
Rich Swann,31.0,0.01429,0.00082,5e-05,14.0,WWE
PJ Black,31.0,0.01735,1e-05,0.00132,17.0,NJPW
Yuka Sakazaki,31.0,0.02041,0.00334,0.00043,20.0,AEW
Johnny TV,30.0,0.02449,0.00012,0.00028,24.0,AEW
Yoshiki Inamura,30.0,0.02143,0.00309,0.00177,21.0,WWE
Curt Stallion,30.0,0.01224,1e-05,1e-05,12.0,WWE
Blake,30.0,0.01224,3e-05,0.0,12.0,WWE
Epico,30.0,0.02347,2e-05,3e-05,23.0,WWE
Dominik Dijakovic,30.0,0.01531,0.00014,9e-05,15.0,WWE
Lewis Howley,30.0,0.02041,4e-05,0.0,20.0,WWE
Niko Vance,30.0,0.01735,0.00036,0.0,17.0,WWE
Dave Mastiff,30.0,0.02347,0.00061,0.0,23.0,WWE
Kendal Grey,30.0,0.01837,0.0007,0.0,18.0,WWE
MUSASHI,30.0,0.02653,3e-05,0.00266,26.0,NJPW
Zay,29.0,0.01837,6e-05,6e-05,18.0,AEW
Jimmy Havoc,29.0,0.02347,6e-05,0.00011,23.0,AEW
Happy Corbin,29.0,0.01939,8e-05,7e-05,19.0,WWE
Sam Stoker,29.0,0.02041,4e-05,0.0,20.0,WWE
Sean Legacy,29.0,0.01429,0.00236,0.00025,14.0,WWE
Joe Hendry,29.0,0.01531,0.00059,0.0,15.0,WWE
Lainey Reid,29.0,0.01837,0.00034,0.0,18.0,WWE
Curt Hawkins,29.0,0.01837,0.0,4e-05,18.0,WWE
Kassius Ohno,29.0,0.02449,0.00039,1e-05,24.0,WWE
Quen,29.0,0.01837,6e-05,6e-05,18.0,AEW
Chuckie T,29.0,0.02041,2e-05,0.00247,20.0,NJPW
Primo,29.0,0.02245,2e-05,3e-05,22.0,WWE
Magnus,28.0,0.02347,0.00027,0.00152,23.0,NJPW
Jackson Drake,28.0,0.01837,0.00065,2e-05,18.0,WWE
Ricky Saints,28.0,0.02245,0.00054,0.0,22.0,WWE
Paris De Silva,28.0,0.02143,1e-05,0.00159,21.0,NJPW
Nikkita Lyons,28.0,0.01939,0.00081,0.0,19.0,WWE
Jude London,28.0,0.02143,1e-05,0.00159,21.0,NJPW
Colin Cassady,28.0,0.01224,6e-05,0.0,12.0,WWE
Penta Oscuro,27.0,0.01837,2e-05,8e-05,18.0,AEW
Misterioso Jr.,27.0,0.01735,1e-05,0.00117,17.0,NJPW
Jack Starz,27.0,0.01939,0.00111,0.0,19.0,WWE
TJ Perkins,27.0,0.01735,5e-05,8e-05,17.0,WWE
JC Mateo,27.0,0.01224,1e-05,7e-05,12.0,WWE
Homicide,27.0,0.01939,3e-05,0.00145,19.0,NJPW
Darren Young,27.0,0.01633,1e-05,1e-05,16.0,WWE
Queen Zelina,27.0,0.01122,2e-05,0.0,11.0,WWE
Preston Vance,27.0,0.02041,1e-05,0.00014,20.0,AEW
Big Swole,27.0,0.01429,4e-05,0.0,14.0,AEW
T-Hawk,26.0,0.02347,5e-05,0.00156,23.0,AEW
Dan Moloney,26.0,0.02347,0.0032,0.00176,23.0,NJPW
Drake Maverick,26.0,0.02245,0.00012,1e-05,22.0,WWE
Mike Kanellis,26.0,0.01837,0.00014,1e-05,18.0,WWE
Kale Dixon,26.0,0.02041,7e-05,0.0,20.0,WWE
Miro,26.0,0.02347,6e-05,0.00014,23.0,AEW
Valentina Feroz,26.0,0.01531,0.00043,0.0,15.0,WWE
Stardust,26.0,0.01837,2e-05,0.0,18.0,WWE
Saquon Shugars,26.0,0.01735,6e-05,0.0,17.0,WWE
Eddy Thorpe,26.0,0.02245,0.00058,0.0,22.0,WWE
Taya Valkyrie,26.0,0.01531,0.00106,0.00021,15.0,AEW
YAMATO,26.0,0.01939,0.0,0.00218,19.0,NJPW
Sterling Riegel,25.0,0.01327,0.0,0.00037,13.0,NJPW
Meiko Satomura,25.0,0.01531,0.00117,0.0,15.0,WWE
Saxon Huxley,25.0,0.01939,0.00014,0.0,19.0,WWE
Okumura,25.0,0.01837,3e-05,0.00137,18.0,NJPW
Odyssey Jones,25.0,0.02143,9e-05,1e-05,21.0,WWE
Top Dolla,25.0,0.02245,2e-05,2e-05,22.0,WWE
Teoman,25.0,0.01429,7e-05,0.0,14.0,WWE
Lexis King,24.0,0.01939,0.00012,2e-05,19.0,WWE
HAYATA,24.0,0.01939,0.0,0.0025,19.0,NJPW
Daunte Martin,24.0,0.02245,5e-05,6e-05,22.0,AEW
Tye Dillinger,24.0,0.01735,6e-05,3e-05,17.0,WWE
Anthony Ogogo,24.0,0.01837,6e-05,0.00012,18.0,AEW
Tatsuya Matsumoto,24.0,0.01122,0.0,0.00102,11.0,NJPW
Austin Aries,24.0,0.01429,0.00012,0.0002,14.0,WWE
Yuki Yoshioka,24.0,0.01429,0.0,0.0021,14.0,NJPW
Slim J,24.0,0.02041,5e-05,7e-05,20.0,AEW
Cope,23.0,0.00816,0.0,0.00014,8.0,AEW
Mark Henry,23.0,0.02041,6e-05,1e-05,20.0,WWE
Adam Priest,23.0,0.01837,0.0,8e-05,18.0,AEW
Riley Osborne,23.0,0.02041,0.00074,2e-05,20.0,WWE
Trish Stratus,23.0,0.01429,1e-05,0.0,14.0,WWE
Xia Li,23.0,0.01735,0.0003,0.0,17.0,WWE
Stuka Jr.,23.0,0.01837,0.00013,0.00093,18.0,NJPW
Tyson Kidd,23.0,0.0102,0.0,1e-05,10.0,WWE
Michael Bennett,23.0,0.01531,2e-05,0.00158,15.0,NJPW
Sam Gradwell,23.0,0.01633,4e-05,0.0,16.0,WWE
Kacy Catanzaro,23.0,0.01735,0.00016,0.0,17.0,WWE
Shiloh Hill,23.0,0.01735,0.00385,0.0,17.0,WWE
Uriah Connors,22.0,0.01735,4e-05,0.0,17.0,WWE
Allie,22.0,0.01224,0.0001,0.0,12.0,AEW
Abadon,22.0,0.01633,0.00014,0.0,16.0,AEW
Cheeseburger,22.0,0.02143,0.00015,0.00102,21.0,NJPW
Ayato Yoshida,22.0,0.01735,0.0,0.00258,17.0,NJPW
Madison Rayne,22.0,0.01327,5e-05,0.0,13.0,AEW
Katsuya Kitamura,22.0,0.01633,1e-05,0.00179,16.0,NJPW
Dijak,21.0,0.01531,4e-05,0.0,15.0,WWE
Amir Jordan,21.0,0.01735,7e-05,0.0,17.0,WWE
Theory,21.0,0.01224,1e-05,3e-05,12.0,WWE
Ezekiel,21.0,0.01122,2e-05,1e-05,11.0,WWE
Tommy Billington,21.0,0.01735,2e-05,9e-05,17.0,AEW
Rohan Raja,21.0,0.01327,2e-05,0.0,13.0,WWE
Yulisa Leon,21.0,0.01531,0.00047,0.0,15.0,WWE
El Soberano Jr.,21.0,0.01531,3e-05,0.00186,15.0,NJPW
Karmen Petrovic,21.0,0.01531,0.00102,0.0,15.0,WWE
Cappuccino Jones,20.0,0.01429,9e-05,0.0,14.0,WWE
Billie Starkz,20.0,0.01531,0.00026,0.0,15.0,AEW
Harper,20.0,0.01122,4e-05,2e-05,11.0,WWE
KAMAITACHI,20.0,0.01224,3e-05,0.00193,12.0,NJPW
Mr. Brodie Lee,20.0,0.01633,0.0,0.00012,16.0,AEW
El Cuatrero,20.0,0.00918,0.00038,0.0004,9.0,NJPW
Cole Karter,20.0,0.01531,2e-05,0.00012,15.0,AEW
Primo Colon,20.0,0.01735,1e-05,0.0,17.0,WWE
Slapjack,20.0,0.01224,1e-05,1e-05,12.0,WWE
Wild Boar,20.0,0.01633,7e-05,0.0,16.0,WWE
Leon Slater,20.0,0.01633,0.00118,0.00012,16.0,WWE
Elektra Lopez,20.0,0.01837,0.00015,0.0,18.0,WWE
Triple H,20.0,0.01735,0.00024,2e-05,17.0,WWE
King Woods,20.0,0.00918,0.0,2e-05,9.0,WWE
Gran Guerrero,20.0,0.0102,0.00042,0.0004,10.0,NJPW
KiLynn King,20.0,0.01633,0.00035,0.0,16.0,AEW
Dalton Castle,20.0,0.01837,5e-05,0.00066,18.0,AEW
Kali Armstrong,20.0,0.01429,0.00054,0.0,14.0,WWE
Jeeves Kay,20.0,0.01837,4e-05,4e-05,18.0,AEW
Stigma,19.0,0.01633,5e-05,0.00119,16.0,NJPW
Epico Colon,19.0,0.01633,1e-05,0.0,16.0,WWE
Kurt Angle,19.0,0.01735,1e-05,2e-05,17.0,WWE
Brooklyn Barlow,19.0,0.01735,2e-05,0.0,17.0,WWE
Keanu Carver,19.0,0.01531,0.00011,0.0,15.0,WWE
Xyon Quinn,19.0,0.01735,2e-05,0.0,17.0,WWE
T-Bone,19.0,0.01429,0.0002,0.0,14.0,WWE
Killswitch,19.0,0.01531,1e-05,0.0002,15.0,AEW
Bronson,19.0,0.01531,2e-05,0.00012,15.0,AEW
Trish Adora,19.0,0.01429,0.00031,0.0,14.0,AEW
Jonathan Gresham,19.0,0.01633,4e-05,0.00121,16.0,NJPW
Xia Brookside,19.0,0.01122,0.00025,0.0,11.0,WWE
Commander Azeez,19.0,0.01224,0.0,2e-05,12.0,WWE
Ryzin,19.0,0.01735,1e-05,2e-05,17.0,AEW
Jinny,18.0,0.01224,0.00173,0.0,12.0,WWE
Drake Morreaux,18.0,0.01429,0.0005,0.0,14.0,WWE
Rick Boogs,18.0,0.01429,1e-05,2e-05,14.0,WWE
El Grande Americano,18.0,0.00918,3e-05,0.00013,9.0,WWE
Shane Thorne,18.0,0.01224,3e-05,1e-05,12.0,WWE
Tetsuhiro Yagi,18.0,0.01122,0.0,0.00144,11.0,NJPW
Laredo Kid,18.0,0.01429,0.00144,0.00018,14.0,WWE
Jasper Troy,18.0,0.01327,0.00118,0.0,13.0,WWE
Joseph Conners,18.0,0.01633,0.00301,1e-05,16.0,WWE
Flip Gordon,18.0,0.01735,1e-05,0.00151,17.0,NJPW
EC3,17.0,0.01531,0.00014,2e-05,15.0,WWE
Boulder,17.0,0.01327,2e-05,0.0001,13.0,AEW
Leon Ruff,17.0,0.0102,1e-05,0.0,10.0,WWE
Ross von Erich,17.0,0.01531,1e-05,3e-05,15.0,AEW
Riddick Moss,17.0,0.01531,0.00057,3e-05,15.0,WWE
Mike Santana,17.0,0.01633,0.00081,2e-05,16.0,WWE
Marshall von Erich,17.0,0.01531,1e-05,3e-05,15.0,AEW
Black Tiger,17.0,0.01122,1e-05,0.00051,11.0,NJPW
Kiera Hogan,17.0,0.0102,3e-05,0.0,10.0,AEW
Atsushi Kotoge,17.0,0.01633,7e-05,0.00163,16.0,NJPW
Tyra Mae Steele,17.0,0.01531,0.00711,0.0,15.0,WWE
Eddie Dennis,17.0,0.01327,4e-05,0.0,13.0,WWE
Anna Jay AS,17.0,0.0102,0.0,0.0,10.0,AEW
Taylor Rust,17.0,0.01429,2e-05,0.00059,14.0,NJPW
Fuego,16.0,0.01122,2e-05,0.00089,11.0,NJPW
Travis Banks,16.0,0.01327,4e-05,1e-05,13.0,WWE
Angel de Oro,16.0,0.00714,1e-05,0.00036,7.0,NJPW
The Undertaker,16.0,0.01122,1e-05,2e-05,11.0,WWE
Jack Gallagher,16.0,0.01224,1e-05,0.0,12.0,WWE
Wren Sinclair,16.0,0.01429,0.00024,0.0,14.0,WWE
Jack Swagger,16.0,0.01327,1e-05,1e-05,13.0,WWE
Sanson,16.0,0.00816,0.00031,0.00011,8.0,NJPW
Tiger Mask W,15.0,0.01224,0.0,0.00131,12.0,NJPW
Leo Tonga,15.0,0.01327,1e-05,0.00123,13.0,NJPW
Jack Cartwheel,15.0,0.01224,0.00108,0.00017,12.0,WWE
Masa Kitamiya,15.0,0.01122,0.0,0.00164,11.0,NJPW
Michael Nakazawa,15.0,0.01429,1e-05,1e-05,14.0,AEW
Henare,15.0,0.01531,0.00011,0.0009,15.0,NJPW
B-Fab,15.0,0.00918,0.0,0.0,9.0,WWE
AZM,15.0,0.00816,0.00014,0.0,8.0,NJPW
Terrell Hughes,15.0,0.01429,1e-05,1e-05,14.0,AEW
Sarray,15.0,0.01224,0.00116,0.0,12.0,WWE
Damien Mizdow,15.0,0.01327,2e-05,1e-05,13.0,WWE
Terrence Hughes,15.0,0.01429,1e-05,1e-05,14.0,AEW
Rey Cometa,14.0,0.01224,0.0,0.00138,12.0,NJPW
Brother Zay,14.0,0.01429,0.0,6e-05,14.0,AEW
Dark Panther,14.0,0.00714,0.0,0.00082,7.0,NJPW
Zack Clayton,14.0,0.01327,2e-05,2e-05,13.0,AEW
Amazing Red,14.0,0.01224,0.0,0.00133,12.0,NJPW
Dick Togo II,14.0,0.00918,0.0,0.00167,9.0,NJPW
Pegasso,14.0,0.0102,1e-05,0.00107,10.0,NJPW
Tatsumi Fujinami,14.0,0.01122,0.0,0.00175,11.0,NJPW
Difunto,14.0,0.01224,1e-05,0.00146,12.0,NJPW
Nick Miller,14.0,0.0102,2e-05,0.0,10.0,WWE
Amale,14.0,0.00816,3e-05,0.0,8.0,WWE
Eva Marie,14.0,0.00918,0.0,0.0,9.0,WWE
Rugido,14.0,0.01122,5e-05,0.00039,11.0,AEW
Jora Johl,14.0,0.0102,0.0,4e-05,10.0,AEW
Viva Van,14.0,0.0102,6e-05,0.0,10.0,NJPW
Brinley Reece,13.0,0.0102,0.00032,0.0,10.0,WWE
Lita,13.0,0.00918,1e-05,0.0,9.0,WWE
Moose,13.0,0.01327,0.00084,0.00027,13.0,WWE
Lady Frost,13.0,0.0102,5e-05,0.0,10.0,AEW
Sanga,13.0,0.01122,2e-05,0.0,11.0,WWE
Veer Mahaan,13.0,0.0102,0.0,1e-05,10.0,WWE
Ivelisse,13.0,0.01122,3e-05,0.0,11.0,AEW
Bodhi Hayward,13.0,0.01224,8e-05,0.0,12.0,WWE
Bea Priestley,13.0,0.0051,1e-05,0.0,5.0,AEW
SCRYPTS,13.0,0.01224,0.00013,2e-05,12.0,WWE
Brandi Rhodes,13.0,0.01122,3e-05,0.0,11.0,AEW
Akito,13.0,0.01327,0.0,0.00171,13.0,NJPW
Alundra Blayze,13.0,0.01327,0.0,0.0,13.0,WWE
Otis Dozovic,13.0,0.01224,4e-05,1e-05,12.0,WWE
Star Jr.,13.0,0.01122,5e-05,0.00098,11.0,NJPW
Sha Samuels,13.0,0.0102,8e-05,0.0,10.0,WWE
Shiro Koshinaka,13.0,0.01327,1e-05,0.00161,13.0,NJPW
Virus,13.0,0.0102,1e-05,0.0009,10.0,NJPW
Penta El Zero M,13.0,0.01122,0.0,1e-05,11.0,AEW
Amari Miller,13.0,0.0102,3e-05,0.0,10.0,WWE
AJ Lee,13.0,0.00918,4e-05,0.0,9.0,WWE
Carlee Bright,13.0,0.00816,7e-05,0.0,8.0,WWE
Dulce Gardenia,12.0,0.00816,0.0,0.00028,8.0,NJPW
The Fiend,12.0,0.00816,0.0,1e-05,8.0,WWE
Michael Oku,12.0,0.01224,2e-05,0.0009,12.0,NJPW
Tommy Dreamer,12.0,0.00816,0.0,0.0,8.0,WWE
Mr. Iguana,12.0,0.01122,0.00017,2e-05,11.0,WWE
Emilia McKenzie,12.0,0.00918,0.00027,0.0,9.0,WWE
Dani Palmer,12.0,0.01122,7e-05,0.0,11.0,WWE
Momo Watanabe,12.0,0.0102,0.00058,0.00036,10.0,NJPW
Ciampa,12.0,0.00816,2e-05,3e-05,8.0,WWE
Magia Blanca,12.0,0.0102,1e-05,0.00071,10.0,NJPW
Go Shiozaki,12.0,0.00714,0.0,0.00097,7.0,NJPW
Dani Luna,12.0,0.00918,0.00038,0.0,9.0,WWE
Zachary Wentz,12.0,0.00918,0.0,0.0,9.0,WWE
Nina Samuels,12.0,0.00714,0.00031,0.0,7.0,WWE
Daisuke Harada,12.0,0.0102,0.0,0.00179,10.0,NJPW
Maki Itoh,12.0,0.00714,1e-05,0.0,7.0,AEW
Kengo,12.0,0.00918,0.0,0.00133,9.0,NJPW
Tucker Knight,12.0,0.01122,4e-05,1e-05,11.0,WWE
Robyn Renegade,12.0,0.01122,1e-05,0.0,11.0,AEW
Josh Morrell,12.0,0.00918,2e-05,0.0,9.0,WWE
Brillante Jr.,12.0,0.00918,0.0,0.00093,9.0,NJPW
Zena Sterling,12.0,0.00816,0.00038,0.0,8.0,WWE
Willie Mack,12.0,0.01122,0.0,0.0002,11.0,AEW
Abbey Laith,12.0,0.01122,0.00015,0.0,11.0,WWE
Scott Norton,11.0,0.01122,2e-05,0.00071,11.0,NJPW
Takahiro Katori,11.0,0.00816,0.0,0.00135,8.0,NJPW
Goldberg,11.0,0.00918,2e-05,0.0,9.0,WWE
Maika,11.0,0.00918,0.00086,0.00039,9.0,NJPW
Jon Cruz,11.0,0.00918,0.0,1e-05,9.0,AEW
Quincy Elliott,11.0,0.00918,1e-05,0.0,9.0,WWE
Rust Taylor,11.0,0.00714,0.0,0.00057,7.0,NJPW
Gravity,11.0,0.00816,0.0,0.00015,8.0,AEW
Lars Sullivan,11.0,0.0102,1e-05,2e-05,10.0,WWE
Cody Chhun,11.0,0.01122,9e-05,8e-05,11.0,NJPW
Penina Tuilaepa,11.0,0.00816,0.00013,0.0,8.0,WWE
Layla Diggs,11.0,0.00714,2e-05,0.0,7.0,WWE
Caveman Ugg,11.0,0.00816,1e-05,0.00069,8.0,NJPW
King Nakamura,11.0,0.0051,0.0,0.0,5.0,WWE
Rampage Brown,11.0,0.00816,0.0,0.0,8.0,WWE
Marcus Mathers,10.0,0.0102,4e-05,0.0,10.0,WWE
Takashi Sugiura,10.0,0.00918,0.0,0.00112,9.0,NJPW
Bryce Donovan,10.0,0.00918,0.00011,0.0,9.0,WWE
Bad News Barrett,10.0,0.00816,0.0,0.0,8.0,WWE
M'Badu,10.0,0.0102,0.0,1e-05,10.0,AEW
Aaron Rourke,10.0,0.00816,0.0,0.0,8.0,WWE
Daiki Inaba,10.0,0.00612,0.0,0.00173,6.0,NJPW
Asher Hale,10.0,0.00714,0.00011,0.0,7.0,WWE
Ari Sterling,10.0,0.00816,1e-05,0.0,8.0,WWE
Alex Koslov,10.0,0.00816,0.0,0.00015,8.0,NJPW
Leila Grey,10.0,0.00816,1e-05,0.0,8.0,AEW
Harv Sihra,10.0,0.00918,1e-05,1e-05,9.0,AEW
Michael Richards,10.0,0.00816,0.0,0.0008,8.0,NJPW
Gurv Sihra,10.0,0.0102,5e-05,1e-05,10.0,AEW
Rowe,10.0,0.00612,0.0,4e-05,6.0,WWE
Harlem Lewis,10.0,0.00918,0.00014,0.0,9.0,WWE
Big Boom AJ,10.0,0.00816,1e-05,0.00013,8.0,AEW
Troy Donovan,10.0,0.0102,2e-05,0.0,10.0,WWE
Super KOKESHI Machine 2nd,10.0,0.00918,0.0,0.0009,9.0,NJPW
Louie Valle,10.0,0.00714,0.0,1e-05,7.0,AEW
Dragon Libre,10.0,0.00714,0.0,0.00099,7.0,NJPW
Mike Verna,10.0,0.0102,0.0,1e-05,10.0,AEW
Jordan Oasis,10.0,0.00816,3e-05,0.0,8.0,WWE
Niebla Roja,10.0,0.0051,0.0,1e-05,5.0,NJPW
Guillermo Rosas,10.0,0.0102,5e-05,3e-05,10.0,NJPW
Drone,10.0,0.00612,0.0,0.00122,6.0,NJPW
Rebel,10.0,0.00816,2e-05,0.0,8.0,AEW
King Haku,10.0,0.0102,0.0,0.00115,10.0,NJPW
Puma,10.0,0.00714,1e-05,0.00018,7.0,NJPW
Brian Kendrick,10.0,0.00918,1e-05,7e-05,9.0,WWE
Diego,10.0,0.00612,1e-05,0.0,6.0,WWE
Persia Pirotta,10.0,0.00612,0.0,0.0,6.0,WWE
Rob Van Dam,10.0,0.00918,0.0,2e-05,9.0,AEW
Fernando,10.0,0.00612,1e-05,0.0,6.0,WWE
Mayu Iwatani,9.0,0.00918,0.001,0.00043,9.0,NJPW
Chantel Monroe,9.0,0.00714,2e-05,0.0,7.0,WWE
Starlight Kid,9.0,0.00714,3e-05,0.0007,7.0,NJPW
John Skyler,9.0,0.00918,6e-05,1e-05,9.0,AEW
Ace Romero,9.0,0.00918,0.0,1e-05,9.0,AEW
Dani Sekelsky,9.0,0.00612,2e-05,0.0,6.0,WWE
BONE SOLDIER,9.0,0.00816,1e-05,0.00033,8.0,NJPW
Leva Bates,9.0,0.00816,4e-05,0.0,8.0,AEW
Mei Suruga,9.0,0.00816,5e-05,0.0,8.0,AEW
Guru Raaj,9.0,0.00714,4e-05,0.0,7.0,WWE
Matt Vandagriff,9.0,0.00714,0.0,0.00016,7.0,NJPW
Candy Floss,9.0,0.00918,0.00027,0.0,9.0,WWE
Anthony Luke,8.0,0.00612,2e-05,0.0,6.0,WWE
Zayda Steel,8.0,0.00816,0.00082,0.0,8.0,WWE
Andrew Villalobos,8.0,0.00816,1e-05,0.00026,8.0,NJPW
Dragon Kid,8.0,0.00816,0.0,0.00103,8.0,NJPW
Tam Nakano,8.0,0.00612,0.00011,0.0003,6.0,NJPW
Boa,8.0,0.00816,0.00067,0.0,8.0,WWE
Yuma Aoyagi,8.0,0.00714,0.0,0.00114,7.0,NJPW
Bobby Z,7.0,0.00612,0.0,0.00034,6.0,NJPW
Sirena Linton,7.0,0.00612,2e-05,0.0,6.0,WWE
Saya Kamitani,7.0,0.00714,0.0004,0.00059,7.0,NJPW
Johnnie Robbie,7.0,0.0051,5e-05,0.0,5.0,NJPW
Jazzy Gabert,7.0,0.00714,0.00014,0.0,7.0,WWE
Kylie Rae,6.0,0.00408,0.00029,0.0,4.0,WWE
Super Sasadango Machine,6.0,0.0051,0.0,0.00077,5.0,NJPW
Bayley Humphrey,6.0,0.0051,0.0,0.0,5.0,WWE
Dump Matsumoto,5.0,0.0051,0.0,0.00047,5.0,NJPW
Yuko Miyamoto,4.0,0.00204,0.0,0.00084,2.0,NJPW
Aja Kong,,,,,,AEW
Dustin Thomas,,,,,,AEW
Glacier,,,,,,AEW
Awesome Kong,,,,,,AEW
Alex Jebailey,,,,,,AEW
Shoko Nakajima,,,,,,AEW
Faby Apache,,,,,,AEW
Jazz,,,,,,AEW
Nicole Savoy,,,,,,AEW
Sadie Gibbs,,,,,,AEW
Shanna,,,,,,AEW
Shalandra Royal,,,,,,AEW
Shazza McKenzie,,,,,,AEW
Grayson,,,,,,AEW
Diamond Dallas Page,,,,,,AEW
Mel,,,,,,AEW
Priscilla Kelly,,,,,,AEW
Colin Delaney,,,,,,AEW
Cassandra Golden,,,,,,AEW
Miranda Alize,,,,,,AEW
Robert Anthony,,,,,,AEW
Corey Hollis,,,,,,AEW
Mike Reed,,,,,,AEW
Matt Sells,,,,,,AEW
Tony Donati,,,,,,AEW
Suge D,,,,,,AEW
Musa,,,,,,AEW
Skyler Moore,,,,,,AEW
Ryan Rembrandt,,,,,,AEW
Dani Jordyn,,,,,,AEW
Faboo Andre,,,,,,AEW
Christi Jaynes,,,,,,AEW
Joe Alonzo,,,,,,AEW
Big Game Leroy,,,,,,AEW
EJ Lewis,,,,,,AEW
Brady Pierce,,,,,,AEW
Money,,,,,,AEW
Sinn,,,,,,AEW
Kenzie Paige,,,,,,AEW
Pineapple Pete,,,,,,AEW
Rache Chanel,,,,,,AEW
Will Hobbs,,,,,,AEW
Sabby,,,,,,AEW
Lil Swole,,,,,,AEW
Ariane Andrew,,,,,,AEW
Dasha,,,,,,AEW
Rachael Ellering,,,,,,AEW
Warhorse,,,,,,AEW
Nine,,,,,,AEW
Matt Cardona,,,,,,AEW
Michael Stevens,,,,,,AEW
Frank Stone,,,,,,AEW
Chris Metro,,,,,,AEW
JC Metro,,,,,,AEW
Four,,,,,,AEW
Three,,,,,,AEW
Jessy Sorensen,,,,,,AEW
Demetri Jackson,,,,,,AEW
Storm Thomas,,,,,,AEW
David Ali,,,,,,AEW
Brandon Bullock,,,,,,AEW
Mark Sterling,,,,,,AEW
Ben Carter,,,,,,AEW
Dontae Smiley,,,,,,AEW
Maxx Stardom,,,,,,AEW
Xander Gold,,,,,,AEW
Kevin Blackwood,,,,,,NJPW
Bshp King,,,,,,AEW
Ray Rosas,,,,,,AEW
Eric Watts,,,,,,AEW
Angel Fashion,,,,,,AEW
KTB,,,,,,AEW
D3,,,,,,AEW
VSK,,,,,,AEW
KC Navarro,,,,,,AEW
Elayna Black,,,,,,AEW
Steve Gibki,,,,,,AEW
Tony Vincita,,,,,,AEW
Allysin Kay,,,,,,AEW
Dream Girl Ellie,,,,,,AEW
Jennacide,,,,,,AEW
Frankie Thomas,,,,,,AEW
Ashton Starr,,,,,,AEW
Seth Gargis,,,,,,AEW
Alex Chamberlain,,,,,,AEW
Super Panda,,,,,,AEW
Ultimo Panda,,,,,,AEW
Sean Maluta,,,,,,AEW
Mike Magnum,,,,,,AEW
Lindsay Snow,,,,,,AEW
Ray Jaz,,,,,,AEW
Tyson Maddux,,,,,,AEW
Vary Morales,,,,,,AEW
Ariel Levy,,,,,,AEW
El Cuervo De Puerto Rico,,,,,,AEW
Ashley Vox,,,,,,AEW
El Australiano,,,,,,AEW
Jazmin Allure,,,,,,AEW
Vertvixen,,,,,,AEW
VENY,,,,,,AEW
Rin Kadokura,,,,,,AEW
Tesha Price,,,,,,AEW
Renee Michelle,,,,,,AEW
Chris Peaks,,,,,,AEW
Levy Shapiro,,,,,,AEW
JJ Garrett,,,,,,AEW
Madi Wrenkowski,,,,,,AEW
Shaq,,,,,,AEW
Tully Blanchard,,,,,,AEW
Jake St. Patrick,,,,,,AEW
Azrieal,,,,,,AEW
Bill Collier,,,,,,AEW
Delmi Exo,,,,,,AEW
Brandon Watts,,,,,,AEW
Randy Summers,,,,,,AEW
Alex Gracia,,,,,,AEW
Chandler Hopkins,,,,,,AEW
Vipress,,,,,,AEW
Andre Montoya,,,,,,AEW
MT Nakazawa,,,,,,AEW
Ashley MK,,,,,,AEW
Steff MK,,,,,,AEW
Jay Lyon,,,,,,AEW
Ken Broadway,,,,,,AEW
Midas Black,,,,,,AEW
Will Allday,,,,,,AEW
Marty Casaus,,,,,,AEW
Aaron Frye,,,,,,AEW
Kal Herro,,,,,,AEW
Liam Gray,,,,,,AEW
Jason Hotch,,,,,,AEW
JP Daily,,,,,,AEW
Tommy Daily,,,,,,AEW
Shane Mercer,,,,,,AEW
Vickie Guerrero,,,,,,AEW
Tre Lamar,,,,,,AEW
Amber Nova,,,,,,AEW
Papadon,,,,,,AEW
RSP,,,,,,AEW
Nick Gage,,,,,,AEW
Juventud Guerrera,,,,,,AEW
Anthony Greene,,,,,,AEW
Stallion Rogers,,,,,,AEW
Darius Lockhart,,,,,,AEW
Dean Alexander,,,,,,AEW
Eric James,,,,,,AEW
Kevin Tibbs,,,,,,AEW
TJ Crawford,,,,,,AEW
Crowbar,,,,,,AEW
LSG,,,,,,AEW
Junior Dos Santos,,,,,,AEW
Xtina Kay,,,,,,AEW
Tiger Ruas,,,,,,AEW
Kidd Bandit,,,,,,AEW
Fuego I,,,,,,AEW
Fuego II,,,,,,AEW
Aero Star,,,,,,AEW
Samuray del Sol,,,,,,AEW
Andrei Arlovski,,,,,,AEW
Dan Lambert,,,,,,AEW
Mike Orlando,,,,,,AEW
Luke Sampson,,,,,,AEW
Invictus Khash,,,,,,AEW
Rohit Raju,,,,,,AEW
Kaun,,,,,,AEW
Pat Brink,,,,,,AEW
Marcus Kross,,,,,,AEW
AQA,,,,,,AEW
Erick Redbeard,,,,,,AEW
Raychell Rose,,,,,,AEW
Danielle Kamela,,,,,,AEW
DKC,,,,,,AEW
Blake Li,,,,,,AEW
Brick Aldridge,,,,,,AEW
W. Morrissey,,,,,,AEW
Hyan,,,,,,AEW
Johnny Elite,,,,,,AEW
Mazzerati,,,,,,AEW
Paige VanZant,,,,,,AEW
Miyu Yamashita,,,,,,AEW
Adrian Alanis,,,,,,AEW
Leon Ruffin,,,,,,AEW
Caleb Konley,,,,,,AEW
Jake Something,,,,,,NJPW
Silas Young,,,,,,AEW
Ren Jones,,,,,,AEW
Ashley D'Amboise,,,,,,AEW
Sonjay Dutt,,,,,,AEW
Mance Warner,,,,,,AEW
Parker Boudreaux,,,,,,AEW
Westin Blake,,,,,,AEW
GPA,,,,,,AEW
Hikari Noa,,,,,,AEW
Action Bronson,,,,,,AEW
Tracy Williams,,,,,,NJPW
Tony Deppen,,,,,,AEW
Seleziya Sparx,,,,,,AEW
Jungle Kyona,,,,,,AEW
Brandon,,,,,,AEW
Brent,,,,,,AEW
Logan Easton Laroux,,,,,,AEW
Rhett Titus,,,,,,AEW
Eli Isom,,,,,,AEW
Jun Akiyama,,,,,,AEW
Hagane Shinno,,,,,,AEW
Schaff,,,,,,AEW
Sonico,,,,,,AEW
Charlette Renegade,,,,,,AEW
Hyena Hera,,,,,,AEW
Warren Johnson,,,,,,AEW
Zack Zilla,,,,,,AEW
Pat Buck,,,,,,AEW
Shunma Katsumata,,,,,,AEW
Yuki Ueno,,,,,,AEW
Stokely Hathaway,,,,,,AEW
Metalik,,,,,,AEW
Aubrey Edwards,,,,,,AEW
Papa Briscoe,,,,,,AEW
Karen Jarrett,,,,,,AEW
Jacked Jameson,,,,,,AEW
Gringo Loco,,,,,,AEW
Dios Del Inframundo,,,,,,AEW
Josh Barnett,,,,,,NJPW
Paul Wight,,,,,,AEW
Black Taurus,,,,,,AEW
Esfinge,,,,,,AEW
Nikita,,,,,,AEW
London Lightning,,,,,,AEW
Zak Knight,,,,,,AEW
Zeuxis,,,,,,AEW
Nigel McGuinness,,,,,,AEW
BEEF,,,,,,AEW
Kamille,,,,,,AEW
Persephone,,,,,,AEW
Tommy Knight,,,,,,AEW
Zach Gowen,,,,,,AEW
Reyna Isis,,,,,,AEW
Syuri,,,,,,NJPW
Bozilla,,,,,,AEW
Lacey Lane,,,,,,AEW
Olympia,,,,,,AEW
Maya World,,,,,,AEW
Neon,,,,,,NJPW
Nathan Cruz,,,,,,AEW
La Sombra,,,,,,NJPW
Rob Conway,,,,,,NJPW
Big Daddy Yum Yum,,,,,,NJPW
Steve Anthony,,,,,,NJPW
Amber Gallows,,,,,,NJPW
Maria Kanellis,,,,,,WWE
Kazarian,,,,,,NJPW
Yoshiaki Fujiwara,,,,,,NJPW
Guerrero Maya Jr.,,,,,,NJPW
Panther,,,,,,NJPW
Mephisto,,,,,,NJPW
Kamaitachi,,,,,,NJPW
Yoshinari Ogawa,,,,,,NJPW
Gurukun Mask,,,,,,NJPW
Kenou,,,,,,NJPW
Eita,,,,,,NJPW
Kaji Tomato,,,,,,NJPW
Maybach Taniguchi,,,,,,NJPW
Caristico,,,,,,NJPW
Euforia,,,,,,NJPW
Brian Breaker,,,,,,NJPW
Leland Race,,,,,,NJPW
Hiro Saito,,,,,,NJPW
Kuniaki Kobayashi,,,,,,NJPW
Maximo Sexy,,,,,,NJPW
Raziel,,,,,,NJPW
Toru Yano),,,,,,NJPW
Sami Callihan,,,,,,NJPW
Delirious,,,,,,NJPW
Gino Gambino,,,,,,NJPW
Disturbio,,,,,,NJPW
Daisuke Sekimoto,,,,,,NJPW
Rey Mysterio Jr.,,,,,,NJPW
Teruaki Kanemitsu,,,,,,NJPW
Audaz,,,,,,NJPW
Flyer,,,,,,NJPW
El Terrible,,,,,,NJPW
Forastero,,,,,,NJPW
Namajague,,,,,,NJPW
The Great Sasuke,,,,,,NJPW
Naoki Sano,,,,,,NJPW
Shinjiro Otani,,,,,,NJPW
Tatsuhito Takaiwa,,,,,,NJPW
Ryu Lee,,,,,,NJPW
Ricky Morton,,,,,,NJPW
Robert Gibson,,,,,,NJPW
Rey Horus,,,,,,NJPW
AJZ,,,,,,NJPW
Alexander James,,,,,,NJPW
Matt Morris,,,,,,NJPW
Lady C,,,,,,NJPW
Bateman,,,,,,NJPW
Brogan Finlay,,,,,,NJPW
Lucas Riley,,,,,,NJPW
Keita Murray,,,,,,NJPW
Dave Dutra,,,,,,NJPW
Keiji Muto,,,,,,NJPW
Yasutaka Yano,,,,,,NJPW
Akitoshi Saito,,,,,,NJPW
King Tany,,,,,,NJPW
Mohammed Yone,,,,,,NJPW
Aleja,,,,,,NJPW
Kenoh,,,,,,NJPW
Manabu Soya,,,,,,NJPW
Tadasuke,,,,,,NJPW
Seiki Yoshioka,,,,,,NJPW
NOSAWA Rongai,,,,,,NJPW
YO-HEY,,,,,,NJPW
Hajime Ohara,,,,,,NJPW
Kinya Okada,,,,,,NJPW
Ethan HD,,,,,,NJPW
Matt Rehwoldt,,,,,,NJPW
Eddie Pearl,,,,,,NJPW
Ricky Gibson,,,,,,NJPW
Keita,,,,,,NJPW
SW3RVE,,,,,,NJPW
Minoru Tanaka,,,,,,NJPW
SW3RVE The Realest,,,,,,NJPW
Big Damo,,,,,,NJPW
Killer Kross,,,,,,NJPW
Negro Casas,,,,,,NJPW
Elliot Russell,,,,,,NJPW
Matt Sigmon,,,,,,NJPW
Lucky Ali,,,,,,NJPW
Sigmon,,,,,,NJPW
Davey Richards,,,,,,NJPW
Jordan Cruz,,,,,,NJPW
Che Cabrera,,,,,,NJPW
G. Sharpe,,,,,,NJPW
Greg Sharpe,,,,,,NJPW
Ava White,,,,,,NJPW
Kanji,,,,,,NJPW
Ricky Knight Jr.,,,,,,NJPW
Ethan Allen,,,,,,NJPW
Luke Jacobs,,,,,,NJPW
Kenny King,,,,,,NJPW
Joel Maximo,,,,,,NJPW
Jose Maximo,,,,,,NJPW
Mantequilla,,,,,,NJPW
Smiley,,,,,,NJPW
Tiara James,,,,,,NJPW
Waka Tsukiyama,,,,,,NJPW
Jake Taylor,,,,,,NJPW
Tony Kozina,,,,,,NJPW
Ricky South,,,,,,NJPW
Lyrebird Luchi,,,,,,NJPW
Mat Rogers,,,,,,NJPW
Carter Deams,,,,,,NJPW
Mick Moretti,,,,,,NJPW
Gregory Sharpe,,,,,,NJPW
Utami Hayashishita,,,,,,NJPW
Natsupoi,,,,,,NJPW
Great Muta,,,,,,NJPW
Ami Sourei,,,,,,NJPW
Hanan,,,,,,NJPW
Hazuki,,,,,,NJPW
Hina,,,,,,NJPW
Koguma,,,,,,NJPW
MIRAI,,,,,,NJPW
Miyu Amasaki,,,,,,NJPW
Momo Kohgo,,,,,,NJPW
Natsuko Tora,,,,,,NJPW
Rina,,,,,,NJPW
KAIRI,,,,,,NJPW
Alejandro,,,,,,NJPW
AMAKUSA,,,,,,NJPW
Junta Miyawaki,,,,,,NJPW
Charli Evans,,,,,,NJPW
Jessica Troy,,,,,,NJPW
Mitch Waterman,,,,,,NJPW
Slex,,,,,,NJPW
El Hijo del Villano III,,,,,,NJPW
Amber,,,,,,NJPW
Delta Brady,,,,,,NJPW
Barren,,,,,,NJPW
Einar The Strange,,,,,,NJPW
Eli Theseus,,,,,,NJPW
Gabriel Aeros,,,,,,NJPW
Link Barnett,,,,,,NJPW
Corndog,,,,,,NJPW
Dean Brady,,,,,,NJPW
Robby Heart,,,,,,NJPW
Wrecking Ball,,,,,,NJPW
PunchDrunk Istria,,,,,,NJPW
Chris Basso,,,,,,NJPW
Grimm Basso,,,,,,NJPW
Joey Graham,,,,,,NJPW
Banjo Powers,,,,,,NJPW
Party Guy Ty,,,,,,NJPW
Adam Hoffman,,,,,,NJPW
Ben Braxton,,,,,,NJPW
Kai Drake,,,,,,NJPW
Michael Spencer,,,,,,NJPW
Aaron Jake,,,,,,NJPW
Unsocial Jordan,,,,,,NJPW
Backman,,,,,,NJPW
Mat Boyton,,,,,,NJPW
Cherry Stephens,,,,,,NJPW
Eddie Edwards,,,,,,NJPW
Emman Azman,,,,,,NJPW
Jarvis,,,,,,NJPW
Edward Dusk,,,,,,NJPW
Chris Ridgeway,,,,,,NJPW
Atsuki Aoyagi,,,,,,NJPW
Rising HAYATO,,,,,,NJPW
Suwama,,,,,,NJPW
Yuma Anzai,,,,,,NJPW
Kento Miyahara,,,,,,NJPW
Dan Tamura,,,,,,NJPW
Hikaru Sato,,,,,,NJPW
Jun Saito,,,,,,NJPW
Rei Saito,,,,,,NJPW
Ryuki Honda,,,,,,NJPW
Super Crazy,,,,,,NJPW
Black Menso-re,,,,,,NJPW
Ryo Inoue,,,,,,NJPW
Hokuto Omori,,,,,,NJPW
Dayton Cameron,,,,,,NJPW
Honest John,,,,,,NJPW
J2 Mattioli,,,,,,NJPW
Michael Hopkins,,,,,,NJPW
Calder McColl,,,,,,NJPW
James Tapia,,,,,,NJPW
Kyriacos J. Toumbas,,,,,,NJPW
Mulligan,,,,,,NJPW
Buck Skynyr,,,,,,NJPW
Cameron Gates,,,,,,NJPW
Jun Kasai,,,,,,NJPW
Rekka,,,,,,NJPW
Low Rider,,,,,,NJPW
Shun Skywalker,,,,,,NJPW
Goldy,,,,,,NJPW
Vinny Pacifico,,,,,,NJPW
Fugaz,,,,,,NJPW
Jordan Oliver,,,,,,NJPW
Real1,,,,,,NJPW
Starboy Charlie,,,,,,NJPW
Malcolm Phlex,,,,,,NJPW
J-Rod,,,,,,NJPW
KEITA,,,,,,NJPW
Shaheen,,,,,,NJPW
Seabass Finn,,,,,,NJPW
Jun Masaoka,,,,,,NJPW
Kazuma Sumi,,,,,,NJPW
Takeshi Masada,,,,,,NJPW
Cameron Khai,,,,,,NJPW
Baliyan Akki,,,,,,NJPW
Titus Alexander,,,,,,NJPW
Lluvia,,,,,,NJPW
Mochizuki Jr.,,,,,,NJPW
Strong Machine J,,,,,,NJPW
Yoshiki Kato,,,,,,NJPW
Asosan,,,,,,NJPW
Kodai Nozaki,,,,,,NJPW
Masked Horse,,,,,,NJPW
Fujita Hayato,,,,,,NJPW
BONE SOLDIER Jr.,,,,,,NJPW
La Jarochita,,,,,,NJPW
Ruaka,,,,,,NJPW
Tomoya,,,,,,NJPW
Nic Nemeth,,,,,,NJPW
Mylo,,,,,,NJPW
Allan Breeze,,,,,,NJPW
CJ Tino,,,,,,NJPW
Dom Kubrick,,,,,,NJPW
Jada Stone,,,,,,NJPW
Zara Zakher,,,,,,WWE
Casey Ferreira,,,,,,NJPW
Grant Watts,,,,,,NJPW
Chicharito Shoki,,,,,,NJPW
Takuro Niki,,,,,,NJPW
HANAKO,,,,,,NJPW
HANZO,,,,,,NJPW
Rey Paloma,,,,,,NJPW
Jet Wei,,,,,,NJPW
Naoki Sakurajima,,,,,,NJPW
Big Fudge,,,,,,NJPW
Nikki Van Blair,,,,,,NJPW
Pedro Ramirez,,,,,,NJPW
Jake Andrewartha,,,,,,NJPW
Ronin Richter,,,,,,NJPW
JXT,,,,,,NJPW
Anth Cava,,,,,,NJPW
LJ Cleary,,,,,,NJPW
DASH Chisako,,,,,,NJPW
Isami Kodaka,,,,,,NJPW
Kyoko Inoue,,,,,,NJPW
Mima Shimoda,,,,,,NJPW
Daisuke Sasaki,,,,,,NJPW
Violento Jack,,,,,,NJPW
Takayuki Ueki,,,,,,NJPW
Chris Brookes,,,,,,NJPW
Masashi Takeda,,,,,,NJPW
Danshoku Dino,,,,,,NJPW
Bel Pierce,,,,,,NJPW
Shay Kassidy,,,,,,NJPW
Sam Osborne,,,,,,NJPW
Jack J. Bonza,,,,,,NJPW
Riiita,,,,,,NJPW
Robbie Thorpe,,,,,,NJPW
Jordie Sparkles,,,,,,NJPW
Logan Pearce,,,,,,NJPW
Adam Brooks,,,,,,NJPW
Johnny Gardner,,,,,,NJPW
Luke Watts,,,,,,NJPW
Trent Hooper,,,,,,NJPW
Danny Black,,,,,,NJPW
Joe Lando,,,,,,NJPW
Brendan White,,,,,,NJPW
Danny Jones,,,,,,WWE
Ikuto Hidaka,,,,,,NJPW
MAZADA,,,,,,NJPW
Minoru Fujita,,,,,,NJPW
Brahman Kei,,,,,,NJPW
Brahman Ryusuke,,,,,,NJPW
Brahman Shu,,,,,,NJPW
KAGETORA,,,,,,NJPW
Saori Anou,,,,,,NJPW
Tomoka Inaba,,,,,,NJPW
Saya Iida,,,,,,NJPW
Suzu Suzuki,,,,,,NJPW
Iseah Bronson,,,,,,NJPW
Tommy Mars,,,,,,NJPW
Sumie Sakai,,,,,,NJPW
Viento,,,,,,NJPW
Max Star,,,,,,NJPW
Xelhua,,,,,,NJPW
Averno,,,,,,NJPW
Raider,,,,,,NJPW
Mascara Kantansu Tomato,,,,,,NJPW
Steven Stetson,,,,,,NJPW
Raymond Bright,,,,,,NJPW
Danger Ross,,,,,,NJPW
LiveWire Charlie,,,,,,NJPW
Insane Dane,,,,,,NJPW
Ray Rico,,,,,,NJPW
Yuya Koroku,,,,,,NJPW
Ryota Chikuzen,,,,,,NJPW
TAJIRI,,,,,,NJPW
Yuna Mizumori,,,,,,NJPW
Batten Blabla,,,,,,NJPW
Mentai Kid,,,,,,NJPW
Hitamaru Sasaki,,,,,,NJPW
Johta Suzuki,,,,,,NJPW
Pat Schisk,,,,,,NJPW
James Shaw,,,,,,NJPW
Johnny Recon,,,,,,NJPW
Antonio Honda,,,,,,NJPW
HARASHIMA,,,,,,NJPW
Ken Ohka,,,,,,NJPW
Sanshiro Takagi,,,,,,NJPW
Toru Owashi,,,,,,NJPW
Mammoth Sasaki,,,,,,NJPW
Takashi Sasaki,,,,,,NJPW
GENTARO,,,,,,NJPW
Kenji Fukimoto,,,,,,NJPW
Rina Yamashita,,,,,,NJPW
Toru Sugiura,,,,,,NJPW
Tomoya Hirata,,,,,,NJPW
Daiki Odashima,,,,,,NJPW
LEONA,,,,,,NJPW
Cian Devin,,,,,,NJPW
Nico Bell,,,,,,NJPW
Kiki Van Gogh,,,,,,NJPW
Tatevik,,,,,,NJPW
Shoot Taylor,,,,,,NJPW
Hiratimo Dragon,,,,,,NJPW
Ryuji Ito,,,,,,NJPW
Taro Nohashi,,,,,,NJPW
Hyo,,,,,,NJPW
Koju Takeda,,,,,,NJPW
Sareee,,,,,,NJPW
Jewel Bird,,,,,,NJPW
Bomber Tatsuya,,,,,,NJPW
Ryoma Tsukamoto,,,,,,NJPW
Thunder Masami,,,,,,NJPW
Aoi,,,,,,NJPW
Azusa Inaba,,,,,,NJPW
rhythm,,,,,,NJPW
Brahman Yuji,,,,,,NJPW
Masato Tanaka,,,,,,NJPW
Onryo,,,,,,NJPW
Ricky Fuji,,,,,,NJPW
Yasu Urano,,,,,,NJPW
Hip Togo,,,,,,NJPW
Kaisei Takechi,,,,,,NJPW
Adrian Neville,,,,,,WWE
Road Dogg,,,,,,WWE
CJ Parker,,,,,,WWE
Solomon Crowe,,,,,,WWE
Alex Riley,,,,,,WWE
Bull Dempsey,,,,,,WWE
Marcus Louis,,,,,,WWE
Jamie Noble,,,,,,WWE
Joey Mercury,,,,,,WWE
Stephen Amell,,,,,,WWE
Elias Samson,,,,,,WWE
Brad Maddox,,,,,,WWE
Cameron,,,,,,WWE
Christopher Girard,,,,,,WWE
Santana Garrett,,,,,,WWE
Damien Sandow,,,,,,WWE
Summer Rae,,,,,,WWE
Shaquille O'Neal,,,,,,WWE
Tatanka,,,,,,WWE
Kenneth Johnson,,,,,,WWE
Damian Slater,,,,,,WWE
Tajiri,,,,,,WWE
Anthony Bennett,,,,,,WWE
Da Mack,,,,,,WWE
Clement Petiot,,,,,,WWE
Tyson Dux,,,,,,WWE
Ho Ho Lun,,,,,,WWE
Gzim Selmani,,,,,,WWE
Sunny Dhinsa,,,,,,WWE
No Way Jose,,,,,,WWE
Kenny,,,,,,WWE
Mikey,,,,,,WWE
James Ellsworth,,,,,,WWE
Sawyer Fulton,,,,,,WWE
Mosh,,,,,,WWE
Thrasher,,,,,,WWE
Tino Sabbatelli,,,,,,WWE
Tyson T-Bone,,,,,,WWE
Roy Johnson,,,,,,WWE
HC Dyer,,,,,,WWE
Tommy End,,,,,,WWE
Ruby Riot,,,,,,WWE
Maryse,,,,,,WWE
Princesa Sugehit,,,,,,WWE
Vanessa Borne,,,,,,WWE
Marti Belle,,,,,,WWE
Rachael Evers,,,,,,WWE
Tessa Blanchard,,,,,,WWE
Sage Beckett,,,,,,WWE
Reina Gonzalez,,,,,,WWE
Taynara Conti,,,,,,WWE
Zeda,,,,,,WWE
Apollo,,,,,,WWE
The Velveteen Dream,,,,,,WWE
Stephanie McMahon,,,,,,WWE
Nicholas,,,,,,WWE
Kavita Devi,,,,,,WWE
Babatunde,,,,,,WWE
Dan Matha,,,,,,WWE
Morgan Webster,,,,,,WWE
Ligero,,,,,,WWE
Miz,,,,,,WWE
Charlie Morgan,,,,,,WWE
Killer Kelly,,,,,,WWE
Nicole Matthews,,,,,,WWE
Ashley Rayne,,,,,,WWE
Hiroyo Matsumoto,,,,,,WWE
Ariel Monroe,,,,,,WWE
Zatara,,,,,,WWE
MJ Jenkins,,,,,,WWE
Kaitlyn,,,,,,WWE
Mike Hitchman,,,,,,WWE
Millie McKenzie,,,,,,WWE
Ivory,,,,,,WWE
Kelly Kelly,,,,,,WWE
Michelle McCool,,,,,,WWE
Molly Holly,,,,,,WWE
Torrie Wilson,,,,,,WWE
Shawn Michaels,,,,,,WWE
Stacey Ervin Jr.,,,,,,WWE
Albert Hardie Jr.,,,,,,WWE
Eric Bugenhagen,,,,,,WWE
Rinku Singh,,,,,,WWE
Saurav Gurjar,,,,,,WWE
Batista,,,,,,WWE
Beth Phoenix,,,,,,WWE
Colin Jost,,,,,,WWE
Jordan Myles,,,,,,WWE
Rhio,,,,,,WWE
Sid Scala,,,,,,WWE
Arturo Ruas,,,,,,WWE
Shorty Gable,,,,,,WWE
Tyson Fury,,,,,,WWE
Carolina,,,,,,WWE
Dorian Mak,,,,,,WWE
Taynara,,,,,,WWE
Catalina Garcia,,,,,,WWE
Jessi Kamea,,,,,,WWE
Catalina,,,,,,WWE
El Hijo del Fantasma,,,,,,WWE
Tehuti Miles,,,,,,WWE
Robert Stone,,,,,,WWE
Pat McAfee,,,,,,WWE
Aoife Valkyrie,,,,,,WWE
Avery Taylor,,,,,,WWE
Brandi Lauren,,,,,,WWE
Ellie Hile,,,,,,WWE
Emily Andzulis,,,,,,WWE
Gia Roman,,,,,,WWE
Raeven Marie,,,,,,WWE
Rita Reis,,,,,,WWE
Tyler Rust,,,,,,WWE
Reckoning,,,,,,WWE
Adam Pearce,,,,,,WWE
Ed Harvey,,,,,,WWE
Dilsher Shanky,,,,,,WWE
Giant Zanjeer,,,,,,WWE
Jeet Rama,,,,,,WWE
Sareena Sandhu,,,,,,WWE
Rinku,,,,,,WWE
Saurav,,,,,,WWE
Reginald,,,,,,WWE
Bailey Matthews,,,,,,WWE
Bad Bunny,,,,,,WWE
Andy Wild,,,,,,WWE
Trey Baxter,,,,,,WWE
Veer,,,,,,WWE
Desmond Troy,,,,,,WWE
Laura Di Matteo,,,,,,WWE
Tristan Archer,,,,,,WWE
Stevie Turner,,,,,,WWE
Katrina Cortez,,,,,,WWE
B-FAB,,,,,,WWE
Franky Monet,,,,,,WWE
Shanky,,,,,,WWE
Ru Feng,,,,,,WWE
Erica Yan,,,,,,WWE
Draco Anthony,,,,,,WWE
Harland,,,,,,WWE
Tate Mayfairs,,,,,,WWE
Reggie,,,,,,WWE
Steve Austin,,,,,,WWE
Mr. McMahon,,,,,,WWE
Johnny Knoxville,,,,,,WWE
Channing Lauren,,,,,,WWE
Damaris Griffin,,,,,,WWE
Angel Hayze,,,,,,WWE
Eliza Alexander,,,,,,WWE
Sloane Jacobs,,,,,,WWE
Bryson Montana,,,,,,WWE
Tiger Turan,,,,,,WWE
Myla Grace,,,,,,WWE
ma.ce,,,,,,WWE
man.soor,,,,,,WWE
Briana Ray,,,,,,WWE
Brian Williams,,,,,,WWE
Jimmy Jackson,,,,,,WWE
Dabba-Kato,,,,,,WWE
Ava,,,,,,WWE
Snoop Dogg,,,,,,WWE
Valhalla,,,,,,WWE
Gable Steveson,,,,,,WWE
Trey Bearhill,,,,,,WWE
Kiyah Saint,,,,,,WWE
Mr. Stone,,,,,,WWE
The Rock,,,,,,WWE
Trey Miguel,,,,,,WWE
Uncle Howdy,,,,,,WWE
Skylor Clinton,,,,,,WWE
Hammerstone,,,,,,WWE
Rosemary,,,,,,WWE
Leigh Laurel,,,,,,WWE
Elijah Holyfield,,,,,,WWE
Tatyanna Dumas,,,,,,WWE
Sam Holloway,,,,,,WWE
JDC,,,,,,WWE
Drako Knox,,,,,,WWE
Ice Williams,,,,,,WWE
Chris Island,,,,,,WWE
Troy Yearwood,,,,,,WWE
Aria Bennett,,,,,,WWE
It's GAL,,,,,,WWE
Jamar Hampton,,,,,,WWE
Masyn Holiday,,,,,,WWE
BJ Ray,,,,,,WWE
Elijah,,,,,,WWE
Octagon Jr.,,,,,,WWE
Chik Tormenta,,,,,,WWE
Dalys,,,,,,WWE
El Hijo de Dr. Wagner Jr.,,,,,,WWE
Pagano,,,,,,WWE
Psycho Clown,,,,,,WWE
AJ Francis,,,,,,WWE
Blake Monroe,,,,,,WWE
Masha Slamovich,,,,,,WWE
Jin Tala,,,,,,WWE
Santino Marella,,,,,,WWE
Talla Tonga,,,,,,WWE
Jelly Roll,,,,,,WWE
Harley Riggins,,,,,,WWE
Jax Presley,,,,,,WWE
Tate Wilder,,,,,,WWE
Ash By Elegance,,,,,,WWE
Heather By Elegance,,,,,,WWE
M By Elegance,,,,,,WWE
Mini Abismo Negro,,,,,,WWE
La Parka,,,,,,WWE
Mascarita Sagrada,,,,,,WWE
Mike Cunningham,,,,,,WWE
Bravo Americano,,,,,,WWE
Rayo Americano,,,,,,WWE
Cassie Lee,,,,,,WWE
Jessie McKay,,,,,,WWE
Lei Ying Lee,,,,,,WWE
Mara Sade,,,,,,WWE
Victoria Crawford,,,,,,WWE
Trill London,,,,,,WWE
PJ Vasa,,,,,,WWE
Eli Knight,,,,,,WWE
Brother Nero,,,,,,WWE
Braxton Cole,,,,,,WWE
Kam Hendrix,,,,,,WWE
Zelina,,,,,,WWE
Skylar Raye,,,,,,WWE
